"Strategy";"randomWalkTemperature1";"randomWalkTemperature2";"randomWalkTemperature3";"randomWalkTemperature4";"randomWalkTemperature5";"randomSwaps1";"randomSwaps2";"randomSwaps3";"randomSwaps4";"randomSwaps5";"randomSwaps6";"randomSwaps7";"randomSwaps8";"randomSwaps9";"randomSwaps10";"acceptedRandomSwaps1";"acceptedRandomSwaps2";"acceptedRandomSwaps3";"acceptedRandomSwaps4";"acceptedRandomSwaps5";"acceptedRandomSwaps6";"acceptedRandomSwaps7";"acceptedRandomSwaps8";"acceptedRandomSwaps9";"acceptedRandomSwaps10";"KS";"euclideanClusterMean1";"euclideanClusterMean2";"euclideanClusterMean3";"euclideanClusterMean4";"euclideanClusterMean5";"euclideanClusterMean6";"euclideanClusterMean7";"euclideanClusterMean8";"euclideanClusterMean9";"euclideanClusterMean10";"euclideanClusterMean11";"euclideanClusterMean12";"euclideanClusterMean13";"euclideanClusterMean14";"euclideanClusterMean15";"euclideanClusterMean16";"euclideanClusterMean17";"euclideanClusterMean18";"euclideanClusterMean19";"euclideanClusterMean20";"chiSquareClusterMean1";"chiSquareClusterMean2";"chiSquareClusterMean3";"chiSquareClusterMean4";"chiSquareClusterMean5";"chiSquareClusterMean6";"chiSquareClusterMean7";"chiSquareClusterMean8";"chiSquareClusterMean9";"chiSquareClusterMean10";"chiSquareClusterMean11";"chiSquareClusterMean12";"chiSquareClusterMean13";"chiSquareClusterMean14";"chiSquareClusterMean15";"chiSquareClusterMean16";"chiSquareClusterMean17";"chiSquareClusterMean18";"chiSquareClusterMean19";"chiSquareClusterMean20";"EX";"EY";"EX2";"EY2";"EXY"
5;0,256666666666667;0,151466666666667;0,15;0,2888;0,200933333333333;436;196;72;31;423;196;88;440;214;478;786;704;749;758;729;737;763;782;735;757;0,0550447542235865;0,0613333333333333;0,0417333333333333;0,0446666666666667;0,0617333333333333;0,062;0,0465333333333333;0,0350666666666667;0,0422666666666667;0,0489333333333333;0,0526666666666667;0,0590666666666667;0,0501333333333333;0,0577333333333333;0,0402666666666667;0,0424;0,0722666666666667;0,0410666666666667;0,0446666666666667;0,0444;0,0510666666666667;0,0614666666666667;0,0418666666666667;0,0448;0,0618666666666667;0,0621333333333333;0,0466666666666667;0,0352;0,0424;0,0490666666666667;0,0528;0,0592;0,0502666666666667;0,0578666666666667;0,0404;0,0425333333333333;0,0724;0,0412;0,0448;0,0445333333333333;0,0512;4,55367604157809;4,89274195914495;26,005041566661;33,3506238082216;23,8749320521053
5;0,252133333333333;0,1584;0,159066666666667;0,298533333333333;0,206133333333333;399;191;71;48;420;214;103;394;202;461;772;789;749;707;764;752;759;711;773;724;0,0819276437092833;0,0866666666666667;0,0356;0,0586666666666667;0,0509333333333333;0,0333333333333333;0,0614666666666667;0,0476;0,0198666666666667;0,0416;0,0642666666666667;0,0722666666666667;0,0377333333333333;0,0408;0,0884;0,0378666666666667;0,0436;0,0536;0,0325333333333333;0,0564;0,0368;0,0868;0,0357333333333333;0,0588;0,0510666666666667;0,0334666666666667;0,0616;0,0477333333333333;0,02;0,0417333333333333;0,0644;0,0724;0,0378666666666667;0,0409333333333333;0,0885333333333333;0,038;0,0437333333333333;0,0537333333333333;0,0326666666666667;0,0565333333333333;0,0369333333333333;4,26021202524863;4,62366363255214;23,689618818756;30,2712680444799;22,0605248393312
5;0,245466666666667;0,1564;0,150933333333333;0,287733333333333;0,1968;405;201;84;44;448;201;89;386;234;458;759;742;751;802;795;734;731;717;732;737;0,0960474251006119;0,044;0,0401333333333333;0,0466666666666667;0,0310666666666667;0,0488;0,0828;0,06;0,0392;0,0445333333333333;0,0550666666666667;0,0482666666666667;0,0437333333333333;0,0416;0,0766666666666667;0,0498666666666667;0,0593333333333333;0,0592;0,0457333333333333;0,0428;0,0405333333333333;0,0441333333333333;0,0402666666666667;0,0468;0,0312;0,0489333333333333;0,0829333333333333;0,0601333333333333;0,0393333333333333;0,0446666666666667;0,0552;0,0484;0,0438666666666667;0,0417333333333333;0,0768;0,05;0,0594666666666667;0,0593333333333333;0,0458666666666667;0,0429333333333333;0,0406666666666667;4,2088948491756;4,62215943215465;23,1632665820569;31,2716938684383;22,713320227159
5;0,256533333333333;0,158266666666667;0,1424;0,2924;0,204;407;146;69;40;413;198;93;484;237;472;733;715;696;778;744;770;736;813;781;734;0,0577419439838804;0,0642666666666667;0,0325333333333333;0,0413333333333333;0,0846666666666667;0,0406666666666667;0,0741333333333333;0,0508;0,0736;0,0372;0,0589333333333333;0,0498666666666667;0,0653333333333333;0,0316;0,03;0,042;0,0346666666666667;0,0501333333333333;0,0448;0,0412;0,0522666666666667;0,0644;0,0326666666666667;0,0414666666666667;0,0848;0,0408;0,0742666666666667;0,0509333333333333;0,0737333333333333;0,0373333333333333;0,0590666666666667;0,05;0,0654666666666667;0,0317333333333333;0,0301333333333333;0,0418666666666667;0,0348;0,0502666666666667;0,0449333333333333;0,0413333333333333;0,0524;4,44332476730398;4,77845316475502;25,4209525885842;32,0745391356614;22,642724913921
5;0,2412;0,152933333333333;0,151733333333333;0,2796;0,2076;468;172;84;33;387;177;97;445;232;431;799;747;719;730;736;739;766;777;749;738;0,11304277484211;0,0633333333333333;0,0692;0,0617333333333333;0,058;0,052;0,0428;0,0368;0,0194666666666667;0,0548;0,0433333333333333;0,0658666666666667;0,0704;0,0390666666666667;0,0665333333333333;0,068;0,0481333333333333;0,0201333333333333;0,0282666666666667;0,0737333333333333;0,0184;0,0634666666666667;0,0693333333333333;0,0618666666666667;0,0581333333333333;0,0521333333333333;0,0429333333333333;0,0369333333333333;0,0196;0,0549333333333333;0,0434666666666667;0,066;0,0705333333333333;0,0392;0,0666666666666667;0,0681333333333333;0,0482666666666667;0,0202666666666667;0,0284;0,0738666666666667;0,0185333333333333;4,83703423701256;5,35219922209466;29,4174132198945;38,0832228512169;28,4544195138932
5;0,261466666666667;0,1512;0,146933333333333;0,286533333333333;0,204666666666667;416;201;89;52;441;220;92;451;223;469;749;779;771;736;746;747;749;773;713;737;0,0755750008648224;0,0429333333333333;0,0350666666666667;0,0461333333333333;0,0797333333333333;0,0293333333333333;0,054;0,038;0,0496;0,0733333333333333;0,0832;0,0653333333333333;0,0706666666666667;0,0485333333333333;0,0274666666666667;0,0384;0,0454666666666667;0,0362666666666667;0,0549333333333333;0,0376;0,044;0,0430666666666667;0,0352;0,0462666666666667;0,0798666666666667;0,0294666666666667;0,0541333333333333;0,0381333333333333;0,0497333333333333;0,0734666666666667;0,0833333333333333;0,0654666666666667;0,0708;0,0486666666666667;0,0276;0,0385333333333333;0,0456;0,0364;0,0550666666666667;0,0377333333333333;0,0441333333333333;4,76206259750658;4,76381848307071;28,1524650049348;31,4062325874015;24,0269678173871
5;0,2524;0,1592;0,151466666666667;0,304;0,206533333333333;387;174;70;37;412;174;110;429;241;490;711;754;759;710;797;745;775;760;739;750;0,0893772398612171;0,0765333333333333;0,0448;0,028;0,0362666666666667;0,0302666666666667;0,0849333333333333;0,034;0,0269333333333333;0,0633333333333333;0,0464;0,0441333333333333;0,0552;0,0441333333333333;0,0724;0,0669333333333333;0,0473333333333333;0,0353333333333333;0,0532;0,0348;0,0750666666666667;0,0766666666666667;0,0449333333333333;0,0281333333333333;0,0364;0,0304;0,0850666666666667;0,0341333333333333;0,0270666666666667;0,0634666666666667;0,0465333333333333;0,0442666666666667;0,0553333333333333;0,0442666666666667;0,0725333333333333;0,0670666666666667;0,0474666666666667;0,0354666666666667;0,0533333333333333;0,0349333333333333;0,0752;4,29196310613085;4,96195261844344;24,4076522863706;33,8559439467797;23,9400457050907
5;0,261066666666667;0,156533333333333;0,150666666666667;0,2884;0,2012;438;178;66;32;428;186;123;375;237;479;772;751;731;729;752;742;794;702;759;768;0,112424549487254;0,056;0,0461333333333333;0,0466666666666667;0,0558666666666667;0,0461333333333333;0,0689333333333333;0,0321333333333333;0,03;0,0697333333333333;0,0784;0,0548;0,0966666666666667;0,0508;0,0242666666666667;0,0372;0,0216;0,0385333333333333;0,0302666666666667;0,0530666666666667;0,0628;0,0561333333333333;0,0462666666666667;0,0468;0,056;0,0462666666666667;0,0690666666666667;0,0322666666666667;0,0301333333333333;0,0698666666666667;0,0785333333333333;0,0549333333333333;0,0968;0,0509333333333333;0,0244;0,0373333333333333;0,0217333333333333;0,0386666666666667;0,0304;0,0532;0,0629333333333333;4,60209961708393;5,32908901418663;26,5899308876821;36,8096251025321;25,6731631202158
5;0,258133333333333;0,148133333333333;0,154666666666667;0,294133333333333;0,209466666666667;400;162;80;40;364;208;116;422;213;512;716;706;768;737;743;763;777;702;781;807;0,0719137731711273;0,0668;0,0352;0,062;0,0524;0,0588;0,0504;0,0509333333333333;0,0633333333333333;0,0356;0,0466666666666667;0,0596;0,0641333333333333;0,0530666666666667;0,0442666666666667;0,0274666666666667;0,0564;0,0562666666666667;0,0414666666666667;0,0548;0,0204;0,0669333333333333;0,0353333333333333;0,0621333333333333;0,0525333333333333;0,0589333333333333;0,0505333333333333;0,0510666666666667;0,0634666666666667;0,0357333333333333;0,0468;0,0597333333333333;0,0642666666666667;0,0532;0,0444;0,0276;0,0565333333333333;0,0564;0,0416;0,0549333333333333;0,0205333333333333;4,36976104032266;4,75868663850162;24,0776289949438;31,9979930233675;22,6638059699302
5;0,2572;0,148266666666667;0,148;0,289333333333333;0,198666666666667;462;207;84;37;441;161;71;441;184;482;794;735;736;771;748;739;731;772;702;772;0,076459829840937;0,048;0,0552;0,0489333333333333;0,0712;0,0473333333333333;0,084;0,0432;0,0389333333333333;0,0593333333333333;0,0610666666666667;0,0449333333333333;0,0368;0,04;0,0173333333333333;0,0481333333333333;0,0648;0,0508;0,0537333333333333;0,0534666666666667;0,0328;0,0481333333333333;0,0548;0,0490666666666667;0,0713333333333333;0,0474666666666667;0,0841333333333333;0,0433333333333333;0,0390666666666667;0,0594666666666667;0,0610666666666667;0,0450666666666667;0,0369333333333333;0,0401333333333333;0,0174666666666667;0,0482666666666667;0,0649333333333333;0,0509333333333333;0,0538666666666667;0,0536;0,0329333333333333;4,75350684479456;4,74716250080594;28,1342572975827;32,4788218565108;25,03449252863
5;0,2468;0,150266666666667;0,146533333333333;0,287733333333333;0,1988;437;195;60;36;410;186;79;401;211;499;775;725;775;720;753;777;719;765;747;744;0,0956845222063166;0,0577333333333333;0,0510666666666667;0,0402666666666667;0,121733333333333;0,04;0,0470666666666667;0,0246666666666667;0,048;0,0341333333333333;0,0444;0,0697333333333333;0,0462666666666667;0,0322666666666667;0,0418666666666667;0,062;0,0626666666666667;0,0345333333333333;0,04;0,0302666666666667;0,0713333333333333;0,0578666666666667;0,0512;0,0404;0,121866666666667;0,0401333333333333;0,0472;0,0248;0,0481333333333333;0,0342666666666667;0,0445333333333333;0,0698666666666667;0,0464;0,0324;0,042;0,0621333333333333;0,0628;0,0346666666666667;0,0401333333333333;0,0304;0,0714666666666667;4,84737684392032;4,85962687035502;29,9103393834994;33,4471656254353;24,524148367449
5;0,241466666666667;0,147333333333333;0,1408;0,2896;0,197066666666667;439;200;65;26;454;205;70;388;227;460;804;780;711;734;752;717;745;722;780;755;0,104055276144526;0,0450666666666667;0,0202666666666667;0,0433333333333333;0,1024;0,0422666666666667;0,0716;0,0530666666666667;0,0445333333333333;0,0164;0,0214666666666667;0,0650666666666667;0,0525333333333333;0,0404;0,0505333333333333;0,0165333333333333;0,0553333333333333;0,0549333333333333;0,0514666666666667;0,0822666666666667;0,0705333333333333;0,0452;0,0204;0,0434666666666667;0,102533333333333;0,0424;0,0717333333333333;0,0532;0,0446666666666667;0,0165333333333333;0,0216;0,0652;0,0526666666666667;0,0405333333333333;0,0506666666666667;0,0166666666666667;0,0554666666666667;0,0550666666666667;0,0516;0,0824;0,0706666666666667;4,24497261274715;4,35995715522343;23,3799099202912;28,2669754879623;19,1347404881141
5;0,253066666666667;0,156266666666667;0,1452;0,2904;0,2048;411;194;84;43;426;223;102;462;244;423;757;723;778;772;751;760;728;773;758;700;0,0713676341471608;0,0664;0,0746666666666667;0,0534666666666667;0,0184;0,0426666666666667;0,0462666666666667;0,0493333333333333;0,0552;0,0501333333333333;0,0453333333333333;0,0649333333333333;0,0508;0,0658666666666667;0,0245333333333333;0,0477333333333333;0,0336;0,0513333333333333;0,0524;0,0409333333333333;0,066;0,0665333333333333;0,0748;0,0536;0,0185333333333333;0,0428;0,0464;0,0494666666666667;0,0553333333333333;0,0502666666666667;0,0454666666666667;0,0650666666666667;0,0509333333333333;0,066;0,0246666666666667;0,0478666666666667;0,0337333333333333;0,0514666666666667;0,0525333333333333;0,0410666666666667;0,0661333333333333;4,46231110482023;5,21503014701307;25,4538879933637;37,0959840947314;26,4366856068882
5;0,2556;0,154133333333333;0,154133333333333;0,295733333333333;0,211866666666667;385;169;73;25;442;196;93;391;233;465;735;743;724;733;743;736;820;745;767;754;0,0702353777634125;0,0333333333333333;0,0437333333333333;0,0413333333333333;0,0656;0,0310666666666667;0,0556;0,06;0,0886666666666667;0,0456;0,0416;0,0450666666666667;0,0301333333333333;0,0210666666666667;0,05;0,0377333333333333;0,0782666666666667;0,0526666666666667;0,0550666666666667;0,0444;0,0790666666666667;0,0334666666666667;0,0438666666666667;0,0414666666666667;0,0657333333333333;0,0312;0,0557333333333333;0,0601333333333333;0,0888;0,0457333333333333;0,0417333333333333;0,0452;0,0302666666666667;0,0212;0,0501333333333333;0,0378666666666667;0,0784;0,0528;0,0552;0,0445333333333333;0,0792;4,39716927545531;4,56474983344404;25,0022779910265;30,7719430067802;22,2052056119603
5;0,263866666666667;0,1516;0,143466666666667;0,290666666666667;0,199866666666667;423;160;74;30;440;210;79;445;218;490;754;762;767;724;743;741;751;759;750;749;0,0456143167222932;0,0333333333333333;0,0472;0,0389333333333333;0,0668;0,0421333333333333;0,0489333333333333;0,0654666666666667;0,0593333333333333;0,0672;0,0474666666666667;0,0474666666666667;0,0737333333333333;0,0602666666666667;0,0321333333333333;0,0597333333333333;0,0432;0,0653333333333333;0,0528;0,0214666666666667;0,0270666666666667;0,0334666666666667;0,0473333333333333;0,0390666666666667;0,0669333333333333;0,0422666666666667;0,0490666666666667;0,0656;0,0594666666666667;0,0673333333333333;0,0476;0,0476;0,0738666666666667;0,0604;0,0322666666666667;0,0598666666666667;0,0433333333333333;0,0654666666666667;0,0529333333333333;0,0216;0,0272;4,62189115344709;4,6611769228658;27,1717565037597;32,0641472662689;24,5164082567644
5;0,249733333333333;0,15;0,1548;0,279733333333333;0,201733333333333;400;196;96;37;440;220;92;439;209;457;774;739;723;714;802;782;731;756;754;725;0,0889392084451799;0,0688;0,0238666666666667;0,0706666666666667;0,0445333333333333;0,0489333333333333;0,0638666666666667;0,0368;0,0414666666666667;0,0453333333333333;0,0790666666666667;0,0689333333333333;0,0392;0,0534666666666667;0,0684;0,048;0,0306666666666667;0,0284;0,0250666666666667;0,0513333333333333;0,0632;0,0689333333333333;0,024;0,0708;0,0446666666666667;0,0490666666666667;0,064;0,0369333333333333;0,0416;0,0454666666666667;0,0792;0,0690666666666667;0,0393333333333333;0,0536;0,0685333333333333;0,048;0,0308;0,0285333333333333;0,0252;0,0514666666666667;0,0633333333333333;4,41284815346648;5,12862764646994;24,6481998068294;34,4593987037097;24,1133169838554
5;0,2432;0,156933333333333;0,143733333333333;0,294;0,199733333333333;378;170;75;32;444;225;85;380;222;456;729;730;768;721;758;772;737;722;801;762;0,138511998382647;0,0428;0,0226666666666667;0,0714666666666667;0,0833333333333333;0,0506666666666667;0,066;0,0504;0,0225333333333333;0,0481333333333333;0,0413333333333333;0,0482666666666667;0,0226666666666667;0,106133333333333;0,0708;0,0330666666666667;0,0670666666666667;0,0449333333333333;0,0404;0,0290666666666667;0,0382666666666667;0,0429333333333333;0,0228;0,0716;0,0834666666666667;0,0508;0,0661333333333333;0,0505333333333333;0,0226666666666667;0,0482666666666667;0,0414666666666667;0,0484;0,0228;0,106266666666667;0,0709333333333333;0,0332;0,0672;0,0450666666666667;0,0405333333333333;0,0292;0,0384;4,44714276133565;4,34142737293514;24,9150042307915;27,7254447222322;20,7985809772891
5;0,260933333333333;0,153066666666667;0,148266666666667;0,302266666666667;0,201466666666667;400;196;95;35;419;171;98;426;240;490;751;717;738;741;770;708;784;766;740;785;0,104601655425839;0,0513333333333333;0,034;0,0433333333333333;0,0182666666666667;0,0649333333333333;0,0317333333333333;0,0481333333333333;0,0448;0,0733333333333333;0,0445333333333333;0,0462666666666667;0,044;0,0904;0,0784;0,0284;0,0669333333333333;0,0476;0,0758666666666667;0,0406666666666667;0,0270666666666667;0,0514666666666667;0,0341333333333333;0,0434666666666667;0,0184;0,0650666666666667;0,0318666666666667;0,0482666666666667;0,0449333333333333;0,0734666666666667;0,0446666666666667;0,0464;0,0441333333333333;0,0905333333333333;0,0785333333333333;0,0285333333333333;0,0670666666666667;0,0477333333333333;0,076;0,0408;0,0272;4,21256922041129;4,52623693519083;22,5107560124643;29,842849225987;21,9212024867512
5;0,256533333333333;0,159066666666667;0,149866666666667;0,292133333333333;0,205066666666667;413;176;72;16;401;190;86;478;217;460;748;736;758;754;717;747;755;763;768;754;0,0848740059516023;0,0469333333333333;0,056;0,0254666666666667;0,0489333333333333;0,0258666666666667;0,102133333333333;0,0488;0,0862666666666667;0,0526666666666667;0,038;0,0410666666666667;0,0497333333333333;0,0661333333333333;0,0264;0,0336;0,0638666666666667;0,0298666666666667;0,0306666666666667;0,082;0,0456;0,0470666666666667;0,0561333333333333;0,0256;0,0490666666666667;0,026;0,102266666666667;0,0489333333333333;0,0864;0,0528;0,0381333333333333;0,0412;0,0498666666666667;0,0662666666666667;0,0265333333333333;0,0337333333333333;0,064;0,03;0,0308;0,0821333333333333;0,0457333333333333;4,60802784415377;4,87890010594022;26,1538863234304;31,9945490604818;24,5374431217275
5;0,259466666666667;0,158;0,140666666666667;0,2864;0,198133333333333;373;211;82;46;434;172;110;438;242;438;698;800;761;786;754;719;741;755;783;703;0,0823581785876312;0,0928;0,0474666666666667;0,0582666666666667;0,0317333333333333;0,0628;0,0692;0,0409333333333333;0,0578666666666667;0,0414666666666667;0,0308;0,0732;0,0450666666666667;0,0357333333333333;0,048;0,0282666666666667;0,0372;0,0314666666666667;0,0708;0,0537333333333333;0,0432;0,0929333333333333;0,0476;0,0584;0,0318666666666667;0,0629333333333333;0,0693333333333333;0,0410666666666667;0,058;0,0416;0,0309333333333333;0,0733333333333333;0,0452;0,0358666666666667;0,0481333333333333;0,0282666666666667;0,0373333333333333;0,0316;0,0709333333333333;0,0538666666666667;0,0433333333333333;4,17729165413943;4,95384321673286;22,2368221474519;33,7543569748219;22,8839324844976
5;0,255866666666667;0,152933333333333;0,1504;0,295733333333333;0,2036;400;180;77;47;425;185;128;431;214;460;738;710;679;812;771;758;773;765;729;765;0,0509523987198945;0,0541333333333333;0,0564;0,046;0,0332;0,0416;0,0381333333333333;0,0312;0,0509333333333333;0,0456;0,0308;0,0464;0,0438666666666667;0,0414666666666667;0,0949333333333333;0,0661333333333333;0,0672;0,038;0,0536;0,0809333333333333;0,0394666666666667;0,0542666666666667;0,0565333333333333;0,0461333333333333;0,0333333333333333;0,0417333333333333;0,0382666666666667;0,0313333333333333;0,0510666666666667;0,0457333333333333;0,0309333333333333;0,0465333333333333;0,044;0,0416;0,0950666666666667;0,0662666666666667;0,0673333333333333;0,0381333333333333;0,0537333333333333;0,0810666666666667;0,0396;4,45729448060983;4,99243172763563;25,569089500882;34,8719130990884;25,6302892260058
5;0,250266666666667;0,1576;0,1576;0,294266666666667;0,204933333333333;405;194;88;37;398;204;86;448;232;460;771;777;773;748;728;785;695;762;730;731;0,0624175810076739;0,0596;0,0265333333333333;0,0605333333333333;0,0692;0,042;0,034;0,0404;0,0838666666666667;0,0296;0,0582666666666667;0,0466666666666667;0,0244;0,0346666666666667;0,0616;0,0302666666666667;0,0569333333333333;0,0645333333333333;0,0330666666666667;0,0593333333333333;0,0845333333333333;0,0597333333333333;0,0266666666666667;0,0606666666666667;0,0693333333333333;0,0421333333333333;0,0341333333333333;0,0405333333333333;0,084;0,0297333333333333;0,0584;0,0468;0,0245333333333333;0,0348;0,0617333333333333;0,0304;0,0570666666666667;0,0646666666666667;0,0332;0,0594666666666667;0,0846666666666667;4,28981514915479;4,77166372817794;23,7611367665245;32,0645078266835;21,83047210221
5;0,259333333333333;0,160533333333333;0,146933333333333;0,297733333333333;0,2008;414;184;89;56;434;189;94;404;211;446;730;709;752;765;778;741;750;726;795;754;0,0782954192764627;0,0457333333333333;0,054;0,0569333333333333;0,0321333333333333;0,0724;0,0374666666666667;0,0476;0,0622666666666667;0,0256;0,0333333333333333;0,052;0,0384;0,0421333333333333;0,0806666666666667;0,0458666666666667;0,0553333333333333;0,048;0,0553333333333333;0,0545333333333333;0,0602666666666667;0,0458666666666667;0,0541333333333333;0,0570666666666667;0,0322666666666667;0,0725333333333333;0,0376;0,0477333333333333;0,0624;0,0257333333333333;0,0334666666666667;0,0521333333333333;0,0385333333333333;0,0422666666666667;0,0808;0,046;0,0554666666666667;0,0481333333333333;0,0554666666666667;0,0546666666666667;0,0604;4,2020281092082;4,98511343443896;22,9556788423951;35,2089500890007;23,9451755272159
5;0,2544;0,1484;0,152;0,282133333333333;0,207066666666667;385;196;87;26;438;204;113;420;210;453;751;775;796;716;755;733;747;760;747;720;0,0754469757012487;0,0885333333333333;0,0514666666666667;0,0364;0,0508;0,0310666666666667;0,0848;0,0341333333333333;0,062;0,0404;0,0488;0,0478666666666667;0,0425333333333333;0,0637333333333333;0,0669333333333333;0,0465333333333333;0,026;0,0436;0,0332;0,0450666666666667;0,0561333333333333;0,0886666666666667;0,0516;0,0365333333333333;0,0509333333333333;0,0312;0,0849333333333333;0,0342666666666667;0,0621333333333333;0,0405333333333333;0,0489333333333333;0,048;0,0426666666666667;0,0638666666666667;0,0670666666666667;0,0466666666666667;0,0261333333333333;0,0437333333333333;0,0333333333333333;0,0452;0,0562666666666667;4,3585807117505;4,94744905796483;24,6532561521527;32,9600388852268;23,8519686899721
5;0,2484;0,156666666666667;0,148133333333333;0,281066666666667;0,2008;425;183;74;45;419;193;97;426;220;460;768;786;753;709;774;733;737;753;728;759;0,0886897498539827;0,0570666666666667;0,038;0,0394666666666667;0,0302666666666667;0,0302666666666667;0,0324;0,0462666666666667;0,0582666666666667;0,0528;0,0702666666666667;0,0612;0,0601333333333333;0,0716;0,0621333333333333;0,0436;0,0524;0,0305333333333333;0,0534666666666667;0,074;0,0358666666666667;0,0572;0,0381333333333333;0,0396;0,0304;0,0304;0,0325333333333333;0,0464;0,0584;0,0529333333333333;0,0704;0,0613333333333333;0,0602666666666667;0,0717333333333333;0,0622666666666667;0,0437333333333333;0,0525333333333333;0,0306666666666667;0,0536;0,0741333333333333;0,036;4,47128335836565;4,85793683783732;25,0930995947037;32,3791318011448;24,2279988217431
5;0,2644;0,1588;0,162266666666667;0,3036;0,204;400;180;81;34;454;182;86;425;235;474;751;776;738;730;785;701;755;747;738;779;0,0561848945506799;0,0468;0,0388;0,0524;0,0364;0,0476;0,0406666666666667;0,044;0,07;0,0617333333333333;0,0568;0,0614666666666667;0,0517333333333333;0,0276;0,0561333333333333;0,0358666666666667;0,0534666666666667;0,0364;0,0504;0,0836;0,0481333333333333;0,0469333333333333;0,0389333333333333;0,0525333333333333;0,0365333333333333;0,0477333333333333;0,0408;0,0441333333333333;0,0701333333333333;0,0618666666666667;0,0569333333333333;0,0616;0,0518666666666667;0,0277333333333333;0,0562666666666667;0,036;0,0536;0,0365333333333333;0,0505333333333333;0,0837333333333333;0,0482666666666667;4,46019463978088;4,99156586126954;24,881833254013;33,8177822590886;24,4612286684722
5;0,227733333333333;0,140533333333333;0,148266666666667;0,282133333333333;0,197866666666667;424;179;100;48;445;190;90;446;228;454;755;738;763;702;781;726;752;753;787;743;0,0577414895516672;0,0402666666666667;0,0549333333333333;0,0338666666666667;0,0408;0,0337333333333333;0,0533333333333333;0,0410666666666667;0,0364;0,0516;0,0516;0,0954666666666667;0,0658666666666667;0,0389333333333333;0,0757333333333333;0,044;0,0414666666666667;0,0393333333333333;0,0406666666666667;0,0534666666666667;0,0674666666666667;0,0404;0,0550666666666667;0,034;0,0409333333333333;0,0338666666666667;0,0534666666666667;0,0412;0,0365333333333333;0,0517333333333333;0,0517333333333333;0,0956;0,066;0,0390666666666667;0,0758666666666667;0,0441333333333333;0,0416;0,0394666666666667;0,0408;0,0536;0,0676;4,41710647690256;4,90921907016222;25,373242396379;33,4281754883557;24,1263030562167
5;0,272666666666667;0,150266666666667;0,1484;0,2808;0,201733333333333;433;179;68;49;398;190;74;453;190;479;757;762;714;758;741;787;748;759;720;754;0,0636388654211097;0,0724;0,0493333333333333;0,0489333333333333;0,0418666666666667;0,0306666666666667;0,0449333333333333;0,0209333333333333;0,0510666666666667;0,0452;0,0741333333333333;0,062;0,0485333333333333;0,0649333333333333;0,0314666666666667;0,0461333333333333;0,0538666666666667;0,0438666666666667;0,0577333333333333;0,0538666666666667;0,0581333333333333;0,0725333333333333;0,0494666666666667;0,0490666666666667;0,042;0,0308;0,0450666666666667;0,0210666666666667;0,0512;0,0453333333333333;0,0742666666666667;0,0621333333333333;0,0486666666666667;0,0650666666666667;0,0316;0,0462666666666667;0,054;0,044;0,0578666666666667;0,054;0,0582666666666667;4,58326504626823;4,99683428447022;26,2328206100063;33,9181604335201;24,8749459060631
5;0,249466666666667;0,154;0,141466666666667;0,291733333333333;0,2008;390;194;96;24;425;199;101;470;236;450;753;780;710;795;708;775;729;796;729;725;0,0692514344834312;0,0596;0,0298666666666667;0,0677333333333333;0,024;0,0438666666666667;0,0376;0,0273333333333333;0,0293333333333333;0,0512;0,0533333333333333;0,0536;0,0708;0,0332;0,0597333333333333;0,0485333333333333;0,0890666666666667;0,0532;0,0296;0,0764;0,062;0,0597333333333333;0,03;0,0678666666666667;0,0241333333333333;0,044;0,0377333333333333;0,0274666666666667;0,0294666666666667;0,0513333333333333;0,0534666666666667;0,0537333333333333;0,0709333333333333;0,0333333333333333;0,0598666666666667;0,0486666666666667;0,0892;0,0533333333333333;0,0297333333333333;0,0765333333333333;0,0621333333333333;4,31570534400541;5,11474487992942;23,4781694006275;35,5392847996322;24,0176061048148
5;0,257733333333333;0,152666666666667;0,156133333333333;0,301066666666667;0,2068;416;194;79;40;393;178;123;410;230;471;763;787;746;779;704;736;776;726;738;745;0,0945400160105576;0,0552;0,0212;0,0542666666666667;0,0632;0,0594666666666667;0,0832;0,0425333333333333;0,0482666666666667;0,0216;0,0212;0,0789333333333333;0,0606666666666667;0,0490666666666667;0,0330666666666667;0,0293333333333333;0,0866666666666667;0,0402666666666667;0,0234666666666667;0,0594666666666667;0,0689333333333333;0,0553333333333333;0,0213333333333333;0,0544;0,0633333333333333;0,0596;0,0833333333333333;0,0426666666666667;0,0484;0,0217333333333333;0,0213333333333333;0,0790666666666667;0,0608;0,0492;0,0332;0,0294666666666667;0,0868;0,0404;0,0236;0,0596;0,0690666666666667;4,28166248088389;4,74928820162993;22,7979118545631;31,5878190709989;20,7886271078003
5;0,251733333333333;0,1568;0,141733333333333;0,291866666666667;0,2044;367;189;75;45;438;196;104;442;229;498;700;744;735;773;752;721;745;765;743;822;0,0736240210634681;0,0406666666666667;0,0577333333333333;0,0373333333333333;0,0776;0,0554666666666667;0,0605333333333333;0,0398666666666667;0,0334666666666667;0,0464;0,0609333333333333;0,0608;0,0812;0,0413333333333333;0,0446666666666667;0,0674666666666667;0,0438666666666667;0,0462666666666667;0,0557333333333333;0,0257333333333333;0,0229333333333333;0,0408;0,0576;0,0374666666666667;0,0777333333333333;0,0556;0,0606666666666667;0,04;0,0336;0,0465333333333333;0,0610666666666667;0,0609333333333333;0,0813333333333333;0,0414666666666667;0,0448;0,0676;0,044;0,0464;0,0558666666666667;0,0258666666666667;0,0230666666666667;4,74291895280619;4,86218152451777;28,5757050425989;34,0059992257186;25,6536098319389
5;0,2596;0,151733333333333;0,147066666666667;0,296533333333333;0,209333333333333;406;178;98;47;398;189;94;413;260;495;744;732;723;779;767;725;686;749;816;779;0,0977990851632607;0,0225333333333333;0,0161333333333333;0,0472;0,0789333333333333;0,0472;0,1068;0,0597333333333333;0,0588;0,0502666666666667;0,0328;0,036;0,0397333333333333;0,0457333333333333;0,044;0,0132;0,0788;0,0358666666666667;0,0505333333333333;0,0722666666666667;0,0634666666666667;0,0226666666666667;0,0162666666666667;0,0473333333333333;0,0790666666666667;0,0473333333333333;0,106933333333333;0,0598666666666667;0,0589333333333333;0,0504;0,0329333333333333;0,0361333333333333;0,0398666666666667;0,0458666666666667;0,0441333333333333;0,0133333333333333;0,0789333333333333;0,036;0,0506666666666667;0,0724;0,0636;4,28934057082343;4,38209280525982;23,1231691069354;27,8523209389839;19,6109395958677
5;0,2484;0,148;0,1404;0,279066666666667;0,1928;414;165;74;52;452;195;100;423;249;501;772;726;759;725;776;750;750;736;756;750;0,111255474821108;0,0616;0,0386666666666667;0,0466666666666667;0,0896;0,0569333333333333;0,0709333333333333;0,0398666666666667;0,0366666666666667;0,0353333333333333;0,0405333333333333;0,072;0,0273333333333333;0,0512;0,0601333333333333;0,0310666666666667;0,07;0,0413333333333333;0,0537333333333333;0,0341333333333333;0,0422666666666667;0,0617333333333333;0,0388;0,0468;0,0897333333333333;0,0570666666666667;0,0710666666666667;0,04;0,0368;0,0354666666666667;0,0406666666666667;0,0721333333333333;0,0274666666666667;0,0513333333333333;0,0602666666666667;0,0312;0,0701333333333333;0,0414666666666667;0,0538666666666667;0,0342666666666667;0,0424;4,49093803015715;4,3992634286734;25,6642401004755;28,680256592999;21,2148390693838
5;0,258133333333333;0,153466666666667;0,147866666666667;0,2768;0,201866666666667;436;185;99;50;415;195;96;416;260;471;780;733;760;767;774;713;674;758;773;768;0,0630974220539712;0,0384;0,0565333333333333;0,0385333333333333;0,0672;0,0512;0,062;0,0452;0,0434666666666667;0,0389333333333333;0,0637333333333333;0,0514666666666667;0,0478666666666667;0,0556;0,0605333333333333;0,0482666666666667;0,0521333333333333;0,0490666666666667;0,0514666666666667;0,0441333333333333;0,0342666666666667;0,0385333333333333;0,0566666666666667;0,0386666666666667;0,0673333333333333;0,0513333333333333;0,0621333333333333;0,0453333333333333;0,0436;0,0390666666666667;0,0638666666666667;0,0516;0,048;0,0557333333333333;0,0606666666666667;0,0484;0,0522666666666667;0,0492;0,0516;0,0442666666666667;0,0344;4,60854390674931;4,71853429746806;27,0121724381648;32,0472790786716;24,4630503810389
5;0,2464;0,155866666666667;0,1484;0,295733333333333;0,1924;426;195;76;44;395;178;109;457;237;500;762;777;720;769;723;726;735;803;715;770;0,106393736333025;0,0332;0,05;0,0581333333333333;0,0636;0,0344;0,0397333333333333;0,048;0,0825333333333333;0,0454666666666667;0,0337333333333333;0,0712;0,0465333333333333;0,0796;0,0329333333333333;0,0426666666666667;0,0433333333333333;0,0388;0,05;0,0782666666666667;0,0278666666666667;0,0333333333333333;0,0501333333333333;0,0582666666666667;0,0637333333333333;0,0345333333333333;0,0398666666666667;0,0481333333333333;0,0826666666666667;0,0456;0,0338666666666667;0,0713333333333333;0,0466666666666667;0,0797333333333333;0,0330666666666667;0,0428;0,0434666666666667;0,0389333333333333;0,0501333333333333;0,0784;0,028;4,76215409223834;4,80815485010673;27,7262303577369;32,4256418607957;25,1132155182874
5;0,252666666666667;0,154666666666667;0,148266666666667;0,291333333333333;0,212933333333333;380;209;77;29;430;213;89;439;226;445;745;760;762;712;761;760;741;755;742;762;0,0763884964994639;0,0562666666666667;0,0410666666666667;0,0506666666666667;0,036;0,0538666666666667;0,0644;0,0385333333333333;0,0369333333333333;0,0648;0,0806666666666667;0,0316;0,0721333333333333;0,0224;0,0516;0,0402666666666667;0,0597333333333333;0,0361333333333333;0,0462666666666667;0,0592;0,0574666666666667;0,0564;0,0412;0,0508;0,0361333333333333;0,054;0,0645333333333333;0,0386666666666667;0,0370666666666667;0,0649333333333333;0,0808;0,0317333333333333;0,0722666666666667;0,0225333333333333;0,0517333333333333;0,0404;0,0598666666666667;0,0362666666666667;0,0464;0,0593333333333333;0,0576;4,42512782028864;5,17475138273945;24,8171916955212;35,7730793375408;24,9770396626728
5;0,255333333333333;0,1672;0,1544;0,278933333333333;0,203733333333333;409;194;71;38;427;180;106;410;261;483;751;761;731;783;737;777;692;729;804;735;0,0750668221794398;0,0733333333333333;0,0544;0,0568;0,0582666666666667;0,0312;0,0512;0,0464;0,0478666666666667;0,058;0,05;0,0424;0,0233333333333333;0,0317333333333333;0,0708;0,0330666666666667;0,0456;0,0502666666666667;0,062;0,048;0,0653333333333333;0,0734666666666667;0,0545333333333333;0,0569333333333333;0,0584;0,0313333333333333;0,0513333333333333;0,0465333333333333;0,048;0,0581333333333333;0,0501333333333333;0,0425333333333333;0,0234666666666667;0,0318666666666667;0,0709333333333333;0,0332;0,0457333333333333;0,0504;0,0621333333333333;0,0481333333333333;0,0654666666666667;4,35085943754486;4,72496848922384;24,9633203993535;32,0194101109131;23,2071792992096
5;0,2608;0,146533333333333;0,151733333333333;0,296666666666667;0,193333333333333;431;198;99;44;377;204;117;403;262;464;739;760;739;775;722;770;716;728;805;746;0,0687608658998935;0,0402666666666667;0,0809333333333333;0,0629333333333333;0,0517333333333333;0,0433333333333333;0,0469333333333333;0,0578666666666667;0,0557333333333333;0,0349333333333333;0,0237333333333333;0,0478666666666667;0,0305333333333333;0,0181333333333333;0,0525333333333333;0,0573333333333333;0,0876;0,0429333333333333;0,0512;0,0438666666666667;0,0696;0,0404;0,0810666666666667;0,0630666666666667;0,0518666666666667;0,0434666666666667;0,0470666666666667;0,058;0,0558666666666667;0,0350666666666667;0,0238666666666667;0,048;0,0306666666666667;0,0182666666666667;0,0526666666666667;0,0574666666666667;0,0877333333333333;0,0430666666666667;0,0513333333333333;0,044;0,0697333333333333;4,54141567033011;4,96675874743406;26,9210435329759;35,873256992689;25,826702539947
5;0,243733333333333;0,146533333333333;0,146133333333333;0,2892;0,198533333333333;416;199;66;38;443;192;113;417;261;436;724;781;754;686;786;759;772;784;725;729;0,0874983378965704;0,0478666666666667;0,0232;0,06;0,0938666666666667;0,0516;0,0605333333333333;0,0458666666666667;0,0544;0,0456;0,076;0,0492;0,0521333333333333;0,0488;0,0197333333333333;0,0246666666666667;0,0496;0,0278666666666667;0,0341333333333333;0,0888;0,0461333333333333;0,048;0,0233333333333333;0,0601333333333333;0,094;0,0517333333333333;0,0606666666666667;0,046;0,0545333333333333;0,0457333333333333;0,0761333333333333;0,0493333333333333;0,0522666666666667;0,0489333333333333;0,0198666666666667;0,0248;0,0497333333333333;0,028;0,0342666666666667;0,0889333333333333;0,0462666666666667;4,72788080437195;4,91183920605338;27,3805114112746;32,4754314489325;23,723229504318
5;0,246666666666667;0,155733333333333;0,1528;0,302533333333333;0,2004;463;167;81;44;399;173;81;444;219;481;787;703;743;773;719;716;773;800;748;738;0,069868073046766;0,0602666666666667;0,0249333333333333;0,0470666666666667;0,0454666666666667;0,0641333333333333;0,0828;0,0442666666666667;0,0310666666666667;0,05;0,0593333333333333;0,0506666666666667;0,0725333333333333;0,0434666666666667;0,0585333333333333;0,0444;0,0461333333333333;0,0416;0,0310666666666667;0,0364;0,0658666666666667;0,0604;0,0250666666666667;0,0472;0,0456;0,0642666666666667;0,0829333333333333;0,0444;0,0312;0,0501333333333333;0,0594666666666667;0,0508;0,0726666666666667;0,0436;0,0586666666666667;0,0445333333333333;0,0462666666666667;0,0417333333333333;0,0312;0,0365333333333333;0,066;4,26687903509953;4,99415290201607;23,4729818873473;33,9104670604339;22,7136330127238
5;0,260533333333333;0,154266666666667;0,150666666666667;0,2832;0,2064;429;179;79;30;425;201;85;427;195;449;764;764;738;773;790;741;747;731;727;725;0,0710044128975295;0,0452;0,0476;0,0425333333333333;0,0477333333333333;0,0529333333333333;0,0697333333333333;0,0538666666666667;0,0609333333333333;0,0442666666666667;0,044;0,0566666666666667;0,0277333333333333;0,0533333333333333;0,0668;0,0490666666666667;0,0397333333333333;0,0401333333333333;0,0508;0,0694666666666667;0,0374666666666667;0,0453333333333333;0,0477333333333333;0,0425333333333333;0,0478666666666667;0,0530666666666667;0,0698666666666667;0,054;0,0610666666666667;0,0444;0,0441333333333333;0,0568;0,0278666666666667;0,0534666666666667;0,0669333333333333;0,0492;0,0398666666666667;0,0402666666666667;0,0509333333333333;0,0696;0,0376;4,48278436183814;4,76830374121863;25,4751501027075;32,1624930948385;24,251938160972
5;0,249466666666667;0,150533333333333;0,156533333333333;0,295733333333333;0,191866666666667;410;203;87;45;379;234;87;420;224;460;760;761;774;742;717;780;723;735;740;768;0,101436805890708;0,0306666666666667;0,0268;0,0617333333333333;0,0806666666666667;0,07;0,0857333333333333;0,046;0,0521333333333333;0,0585333333333333;0,0665333333333333;0,0589333333333333;0,0617333333333333;0,046;0,0372;0,0238666666666667;0,0402666666666667;0,0176;0,0268;0,0536;0,0552;0,0308;0,0269333333333333;0,0618666666666667;0,0808;0,0701333333333333;0,0858666666666667;0,0461333333333333;0,0522666666666667;0,0586666666666667;0,0666666666666667;0,0590666666666667;0,0618666666666667;0,0461333333333333;0,0373333333333333;0,024;0,0404;0,0177333333333333;0,0269333333333333;0,0537333333333333;0,0553333333333333;4,58767236540989;5,06421211131779;26,0267672358739;33,9885981820021;23,6644949986975
5;0,267466666666667;0,142133333333333;0,1388;0,2856;0,200133333333333;437;208;85;40;425;208;79;430;243;455;745;764;731;774;785;731;736;760;753;721;0,119728657515166;0,0285333333333333;0,0784;0,0153333333333333;0,0652;0,038;0,0166666666666667;0,0456;0,0645333333333333;0,0502666666666667;0,0417333333333333;0,0534666666666667;0,024;0,0557333333333333;0,0670666666666667;0,0818666666666667;0,0152;0,0518666666666667;0,0692;0,082;0,0553333333333333;0,0286666666666667;0,0785333333333333;0,0154666666666667;0,0653333333333333;0,0381333333333333;0,0168;0,0457333333333333;0,0646666666666667;0,0504;0,0418666666666667;0,0536;0,0241333333333333;0,0558666666666667;0,0672;0,082;0,0153333333333333;0,052;0,0693333333333333;0,0821333333333333;0,0554666666666667;4,81942124345328;4,98441678577131;29,935155117384;35,6073708657293;28,0092525084166
5;0,253333333333333;0,1528;0,1512;0,2904;0,2044;389;210;73;59;426;194;110;458;265;509;723;778;714;737;742;732;739;827;748;760;0,0726867359621793;0,0641333333333333;0,0296;0,0612;0,0158666666666667;0,0649333333333333;0,0372;0,0413333333333333;0,0638666666666667;0,0738666666666667;0,0661333333333333;0,0337333333333333;0,0226666666666667;0,0657333333333333;0,0492;0,0426666666666667;0,0525333333333333;0,0592;0,0468;0,0449333333333333;0,0644;0,0642666666666667;0,0297333333333333;0,0613333333333333;0,016;0,0650666666666667;0,0373333333333333;0,0414666666666667;0,064;0,074;0,0662666666666667;0,0338666666666667;0,0228;0,0658666666666667;0,0493333333333333;0,0428;0,0526666666666667;0,0593333333333333;0,0469333333333333;0,0450666666666667;0,0645333333333333;4,28931183038921;5,05162947284855;23,2645787071712;34,7252841601796;24,2098232249704
5;0,248533333333333;0,150666666666667;0,1528;0,283733333333333;0,206266666666667;409;168;82;39;390;232;103;429;228;453;765;765;751;750;757;774;744;761;729;704;0,064500228056937;0,0362666666666667;0,0537333333333333;0,0330666666666667;0,0734666666666667;0,0336;0,0901333333333333;0,0344;0,0454666666666667;0,0333333333333333;0,0416;0,072;0,0757333333333333;0,0464;0,0565333333333333;0,0313333333333333;0,0292;0,0417333333333333;0,0593333333333333;0,0628;0,0498666666666667;0,0364;0,0538666666666667;0,0332;0,0736;0,0337333333333333;0,0902666666666667;0,0345333333333333;0,0456;0,0334666666666667;0,0417333333333333;0,0721333333333333;0,0758666666666667;0,0465333333333333;0,0566666666666667;0,0314666666666667;0,0293333333333333;0,0418666666666667;0,0594666666666667;0,0629333333333333;0,05;4,44821668506024;4,72641150078627;25,5402701927069;31,7132890050862;22,8464797631103
5;0,266133333333333;0,1532;0,145466666666667;0,2968;0,195066666666667;429;166;77;31;440;215;112;402;206;457;779;720;722;745;768;789;757;710;756;754;0,0570852867044487;0,0576;0,0377333333333333;0,0464;0,0818666666666667;0,0437333333333333;0,0565333333333333;0,0441333333333333;0,0544;0,0570666666666667;0,0714666666666667;0,0538666666666667;0,0613333333333333;0,0184;0,0369333333333333;0,0337333333333333;0,0714666666666667;0,0486666666666667;0,0537333333333333;0,0258666666666667;0,0450666666666667;0,0577333333333333;0,0378666666666667;0,0465333333333333;0,082;0,0438666666666667;0,0566666666666667;0,0442666666666667;0,0545333333333333;0,0572;0,0716;0,054;0,0614666666666667;0,0185333333333333;0,0370666666666667;0,0338666666666667;0,0716;0,0488;0,0538666666666667;0,026;0,0452;4,56345261805374;4,62539727680651;26,48491562691;30,8542003073653;22,6413699136237
5;0,251333333333333;0,153066666666667;0,150133333333333;0,294933333333333;0,214133333333333;404;172;110;26;394;214;93;478;183;438;742;743;767;747;719;746;789;792;704;751;0,0641505694940818;0,0416;0,0174666666666667;0,0521333333333333;0,0490666666666667;0,0633333333333333;0,0530666666666667;0,05;0,0782666666666667;0,0477333333333333;0,064;0,0581333333333333;0,05;0,0593333333333333;0,0206666666666667;0,0284;0,0677333333333333;0,0532;0,0518666666666667;0,0478666666666667;0,0461333333333333;0,0417333333333333;0,0176;0,0522666666666667;0,0492;0,0634666666666667;0,0532;0,0501333333333333;0,0784;0,0478666666666667;0,0641333333333333;0,0582666666666667;0,0501333333333333;0,0594666666666667;0,0208;0,0285333333333333;0,0678666666666667;0,0533333333333333;0,052;0,048;0,0462666666666667;4,40447701335931;4,67025759765325;23,8465318473693;30,9180763799921;21,9075853622572
5;0,256;0,1444;0,145066666666667;0,285066666666667;0,1952;388;176;85;49;399;189;105;453;234;474;715;773;733;759;711;765;758;758;737;791;0,0572356948816101;0,0538666666666667;0,0249333333333333;0,0510666666666667;0,0976;0,0610666666666667;0,0650666666666667;0,06;0,0414666666666667;0,0573333333333333;0,0504;0,0297333333333333;0,0321333333333333;0,0618666666666667;0,0504;0,0174666666666667;0,0565333333333333;0,0416;0,0326666666666667;0,0513333333333333;0,0634666666666667;0,054;0,0250666666666667;0,0512;0,0977333333333333;0,0612;0,0652;0,0601333333333333;0,0416;0,0574666666666667;0,0505333333333333;0,0298666666666667;0,0322666666666667;0,062;0,0505333333333333;0,0176;0,0566666666666667;0,0417333333333333;0,0328;0,0514666666666667;0,0636;4,42932515329324;4,59552359092563;25,1269124776832;30,0156139897998;21,0946998012584
5;0,267066666666667;0,1576;0,139733333333333;0,276533333333333;0,2016;419;185;100;36;445;234;101;433;249;481;752;737;724;720;750;748;782;732;781;774;0,0776016254105585;0,0268;0,062;0,0429333333333333;0,028;0,0428;0,0481333333333333;0,064;0,0282666666666667;0,0508;0,0449333333333333;0,0485333333333333;0,0288;0,0418666666666667;0,0576;0,0757333333333333;0,0805333333333333;0,0588;0,0552;0,0444;0,0698666666666667;0,0269333333333333;0,0621333333333333;0,0430666666666667;0,0281333333333333;0,0429333333333333;0,0482666666666667;0,0641333333333333;0,0284;0,0509333333333333;0,0450666666666667;0,0486666666666667;0,0289333333333333;0,042;0,0577333333333333;0,0758666666666667;0,0806666666666667;0,0589333333333333;0,0553333333333333;0,0445333333333333;0,07;4,4798521718643;4,80929804973982;26,1132504741172;34,2888270876479;25,4586309503201
5;0,257066666666667;0,1588;0,154933333333333;0,299333333333333;0,200533333333333;404;168;81;53;422;191;104;432;244;473;716;753;749;778;731;749;755;758;755;756;0,105257408199163;0,0401333333333333;0,0681333333333333;0,0349333333333333;0,0666666666666667;0,0648;0,0310666666666667;0,0408;0,0445333333333333;0,0542666666666667;0,0497333333333333;0,0585333333333333;0,0558666666666667;0,0906666666666667;0,0358666666666667;0,0654666666666667;0,0472;0,0332;0,0288;0,0284;0,0609333333333333;0,0402666666666667;0,0682666666666667;0,0350666666666667;0,0668;0,0649333333333333;0,0312;0,0409333333333333;0,0446666666666667;0,0544;0,0498666666666667;0,0586666666666667;0,056;0,0908;0,036;0,0656;0,0473333333333333;0,0333333333333333;0,0289333333333333;0,0285333333333333;0,0610666666666667;4,854685567327;5,24631138103429;29,3714526363444;37,1859696624441;27,5355258058166
5;0,269866666666667;0,1588;0,154666666666667;0,298266666666667;0,206;450;158;83;53;389;202;87;455;244;473;802;727;712;772;735;777;743;754;764;714;0,0545257447078578;0,0352;0,0329333333333333;0,0428;0,0522666666666667;0,0581333333333333;0,0542666666666667;0,0557333333333333;0,0245333333333333;0,0688;0,0586666666666667;0,04;0,0652;0,0378666666666667;0,0424;0,0412;0,0632;0,0621333333333333;0,0617333333333333;0,0453333333333333;0,0576;0,0353333333333333;0,0330666666666667;0,0429333333333333;0,0524;0,0582666666666667;0,0544;0,0557333333333333;0,0246666666666667;0,0689333333333333;0,0588;0,0401333333333333;0,0653333333333333;0,038;0,0425333333333333;0,0413333333333333;0,0633333333333333;0,0622666666666667;0,0618666666666667;0,0454666666666667;0,0577333333333333;4,35222549913576;4,70143682312875;24,4173110681677;32,2206496499954;22,7617730793985
5;0,254933333333333;0,149466666666667;0,152933333333333;0,2908;0,210533333333333;395;232;79;25;402;191;83;415;227;450;738;789;727;763;742;733;752;742;775;739;0,0768562570359902;0,0513333333333333;0,0528;0,0298666666666667;0,0565333333333333;0,0332;0,0593333333333333;0,026;0,0670666666666667;0,0492;0,0637333333333333;0,0290666666666667;0,0425333333333333;0,058;0,0496;0,0377333333333333;0,0552;0,0224;0,0528;0,0953333333333333;0,0682666666666667;0,0514666666666667;0,0529333333333333;0,03;0,0566666666666667;0,0333333333333333;0,0594666666666667;0,0261333333333333;0,0672;0,0493333333333333;0,0638666666666667;0,0292;0,0426666666666667;0,0581333333333333;0,0497333333333333;0,0378666666666667;0,0553333333333333;0,0225333333333333;0,0529333333333333;0,0954666666666667;0,0684;4,61160465217451;5,08156285060115;26,6815929661239;34,2806744251228;25,2721768943698
5;0,254;0,1464;0,146666666666667;0,2824;0,1916;437;194;61;43;369;217;104;450;243;501;768;793;706;756;694;751;763;757;735;777;0,0759142497145117;0,0633333333333333;0,0297333333333333;0,0396;0,0676;0,0621333333333333;0,0589333333333333;0,0333333333333333;0,0614666666666667;0,0698666666666667;0,0613333333333333;0,0726666666666667;0,034;0,0442666666666667;0,0352;0,0314666666666667;0,0672;0,0245333333333333;0,0381333333333333;0,0413333333333333;0,0638666666666667;0,0634666666666667;0,0298666666666667;0,0397333333333333;0,0677333333333333;0,0622666666666667;0,0590666666666667;0,0334666666666667;0,0616;0,07;0,0614666666666667;0,0728;0,0341333333333333;0,0444;0,0353333333333333;0,0316;0,0673333333333333;0,0246666666666667;0,0382666666666667;0,0414666666666667;0,064;4,62922484902989;4,88296420592177;26,5556728759155;32,2307488036213;23,3437672439996
5;0,239866666666667;0,158;0,140666666666667;0,294266666666667;0,194666666666667;375;212;90;44;416;207;95;468;211;446;701;794;739;751;776;750;723;806;752;708;0,0800534176394072;0,0628;0,0476;0,0377333333333333;0,0884;0,0508;0,0632;0,0468;0,0305333333333333;0,0258666666666667;0,0248;0,0577333333333333;0,0441333333333333;0,0468;0,0721333333333333;0,0384;0,0386666666666667;0,0624;0,05;0,0602666666666667;0,0509333333333333;0,0629333333333333;0,0477333333333333;0,0378666666666667;0,0885333333333333;0,0508;0,0633333333333333;0,0469333333333333;0,0306666666666667;0,026;0,0249333333333333;0,0578666666666667;0,0442666666666667;0,0469333333333333;0,0722666666666667;0,0385333333333333;0,0388;0,0625333333333333;0,0501333333333333;0,0604;0,0510666666666667;4,32955458910752;4,56515144038233;24,837398543594;30,7306155093186;21,8699737769173
5;0,2628;0,154;0,1548;0,299466666666667;0,1968;420;195;69;47;412;187;97;417;233;500;729;722;813;739;720;756;783;725;748;765;0,0981951345245455;0,0322666666666667;0,0217333333333333;0,0569333333333333;0,0282666666666667;0,0652;0,0494666666666667;0,0601333333333333;0,0661333333333333;0,0501333333333333;0,0404;0,0793333333333333;0,0546666666666667;0,0781333333333333;0,0341333333333333;0,0138666666666667;0,0641333333333333;0,0406666666666667;0,0582666666666667;0,0478666666666667;0,0582666666666667;0,0324;0,0218666666666667;0,0570666666666667;0,0284;0,0653333333333333;0,0496;0,0602666666666667;0,0662666666666667;0,0502666666666667;0,0405333333333333;0,0794666666666667;0,0548;0,0782666666666667;0,0342666666666667;0,014;0,0642666666666667;0,0408;0,0584;0,048;0,0584;4,20682517755833;4,65327258975621;21,7083906690114;30,7221997659206;20,9211497188762
5;0,2508;0,1468;0,144666666666667;0,3032;0,198666666666667;372;186;69;27;401;207;87;411;251;488;721;782;769;676;704;828;726;744;771;779;0,0802747489812119;0,0650666666666667;0,0416;0,0441333333333333;0,0585333333333333;0,0354666666666667;0,0678666666666667;0,0464;0,0557333333333333;0,0514666666666667;0,0577333333333333;0,0341333333333333;0,0264;0,0589333333333333;0,0950666666666667;0,0442666666666667;0,0349333333333333;0,0458666666666667;0,0398666666666667;0,0396;0,0569333333333333;0,0652;0,0417333333333333;0,0442666666666667;0,0586666666666667;0,0356;0,068;0,0465333333333333;0,0558666666666667;0,0516;0,0578666666666667;0,0342666666666667;0,0265333333333333;0,0590666666666667;0,0952;0,0444;0,0350666666666667;0,046;0,04;0,0397333333333333;0,0570666666666667;4,28120538175415;4,70317967274795;24,1696327563129;31,0147350312716;22,8344845930334
5;0,248666666666667;0,151466666666667;0,146533333333333;0,292933333333333;0,197333333333333;438;206;100;34;411;219;81;471;253;476;769;714;743;777;727;745;760;770;753;742;0,0774622187656119;0,0478666666666667;0,0214666666666667;0,0653333333333333;0,110666666666667;0,0621333333333333;0,0469333333333333;0,0308;0,0412;0,0474666666666667;0,0653333333333333;0,0566666666666667;0,0432;0,0449333333333333;0,0606666666666667;0,0262666666666667;0,0509333333333333;0,0384;0,0288;0,0490666666666667;0,0618666666666667;0,048;0,0216;0,0654666666666667;0,1108;0,0622666666666667;0,0470666666666667;0,0309333333333333;0,0413333333333333;0,0476;0,0654666666666667;0,0568;0,0433333333333333;0,0450666666666667;0,0608;0,0264;0,0510666666666667;0,0385333333333333;0,0289333333333333;0,0492;0,062;4,61663555657668;4,76757679821992;26,9390655943813;31,5590985077279;22,2361479766064
5;0,2584;0,151733333333333;0,1376;0,297333333333333;0,2032;396;223;82;46;452;200;109;402;216;505;722;734;737;772;748;756;770;707;743;811;0,087501557949267;0,0377333333333333;0,0578666666666667;0,0504;0,0678666666666667;0,0509333333333333;0,0525333333333333;0,0434666666666667;0,0444;0,0597333333333333;0,0653333333333333;0,0429333333333333;0,0404;0,0473333333333333;0,0525333333333333;0,0572;0,0524;0,0341333333333333;0,0292;0,0653333333333333;0,0482666666666667;0,0378666666666667;0,058;0,0505333333333333;0,068;0,0510666666666667;0,0526666666666667;0,0436;0,0445333333333333;0,0598666666666667;0,0654666666666667;0,0430666666666667;0,0405333333333333;0,0474666666666667;0,0526666666666667;0,0573333333333333;0,0525333333333333;0,0342666666666667;0,0293333333333333;0,0654666666666667;0,0484;4,83143385348409;5,10325187937931;29,2138755147974;35,5514864406562;26,8907346095739
5;0,261466666666667;0,152533333333333;0,141866666666667;0,289866666666667;0,1984;378;200;94;40;412;185;101;413;236;482;741;736;728;764;806;729;758;759;740;739;0,0973368191242719;0,0592;0,0473333333333333;0,0517333333333333;0,0909333333333333;0,0352;0,0330666666666667;0,0405333333333333;0,0321333333333333;0,0488;0,0374666666666667;0,0533333333333333;0,0608;0,0305333333333333;0,018;0,0554666666666667;0,0829333333333333;0,0406666666666667;0,0426666666666667;0,0954666666666667;0,0437333333333333;0,0593333333333333;0,0474666666666667;0,0518666666666667;0,0910666666666667;0,0353333333333333;0,0332;0,0406666666666667;0,0322666666666667;0,0488;0,0376;0,0534666666666667;0,0609333333333333;0,0306666666666667;0,0181333333333333;0,0556;0,0830666666666667;0,0408;0,0428;0,0956;0,0438666666666667;4,8609816464078;4,94850862452033;29,1945770573879;34,399908233745;25,572670876596
5;0,269066666666667;0,153333333333333;0,152933333333333;0,2864;0,196133333333333;421;208;95;46;449;213;96;404;277;441;764;789;751;742;777;723;767;695;767;725;0,0920431334432897;0,0777333333333333;0,0464;0,0528;0,0208;0,0405333333333333;0,0478666666666667;0,0590666666666667;0,0296;0,0601333333333333;0,0350666666666667;0,0390666666666667;0,0585333333333333;0,0416;0,0496;0,0409333333333333;0,076;0,0582666666666667;0,0649333333333333;0,0390666666666667;0,062;0,0778666666666667;0,0465333333333333;0,0529333333333333;0,0209333333333333;0,0406666666666667;0,048;0,0592;0,0297333333333333;0,0602666666666667;0,0352;0,0392;0,0586666666666667;0,0417333333333333;0,0497333333333333;0,0410666666666667;0,0761333333333333;0,0584;0,0650666666666667;0,0392;0,0621333333333333;4,09308060123928;4,76517584180052;21,9823904447802;32,9180499375434;22,3508358167099
5;0,255333333333333;0,153733333333333;0,152133333333333;0,3032;0,203466666666667;407;172;72;35;398;203;86;462;222;451;723;711;733;754;725;753;759;825;785;732;0,12520167409631;0,0981333333333333;0,0348;0,04;0,0538666666666667;0,0334666666666667;0,0518666666666667;0,0664;0,052;0,0349333333333333;0,0156;0,0688;0,0605333333333333;0,0322666666666667;0,0452;0,0562666666666667;0,0265333333333333;0,0717333333333333;0,0681333333333333;0,0432;0,0462666666666667;0,0982666666666667;0,0349333333333333;0,0401333333333333;0,054;0,0336;0,052;0,0664;0,0521333333333333;0,0350666666666667;0,0157333333333333;0,0689333333333333;0,0606666666666667;0,0324;0,0453333333333333;0,0562666666666667;0,0266666666666667;0,0718666666666667;0,0682666666666667;0,0433333333333333;0,0464;4,07520800987172;4,56457035140602;22,2435094379666;31,213304270362;21,3440267757805
5;0,253466666666667;0,1552;0,1428;0,299333333333333;0,197466666666667;418;189;89;33;462;205;96;401;220;443;762;797;809;754;767;747;744;702;723;695;0,0847557936042346;0,0717333333333333;0,0401333333333333;0,0456;0,0628;0,0381333333333333;0,0357333333333333;0,0506666666666667;0,0416;0,0509333333333333;0,0349333333333333;0,0352;0,0913333333333333;0,044;0,0444;0,0304;0,0401333333333333;0,0542666666666667;0,07;0,0629333333333333;0,0550666666666667;0,0718666666666667;0,0402666666666667;0,0457333333333333;0,0629333333333333;0,0382666666666667;0,0358666666666667;0,0508;0,0417333333333333;0,0510666666666667;0,0350666666666667;0,0353333333333333;0,0914666666666667;0,0441333333333333;0,0445333333333333;0,0305333333333333;0,0402666666666667;0,0544;0,0701333333333333;0,0630666666666667;0,0552;4,23126215627991;4,83269075856013;23,421919984795;33,2500295005963;22,2907042248337
5;0,2292;0,159733333333333;0,150533333333333;0,287333333333333;0,198933333333333;381;185;72;46;449;198;95;429;247;502;758;693;702;743;787;788;736;750;758;785;0,0581208385728072;0,0669333333333333;0,0632;0,0368;0,0712;0,0428;0,0397333333333333;0,0688;0,0642666666666667;0,0328;0,0436;0,0229333333333333;0,0612;0,0630666666666667;0,0457333333333333;0,0393333333333333;0,0428;0,0417333333333333;0,0346666666666667;0,0437333333333333;0,0746666666666667;0,0670666666666667;0,0633333333333333;0,0369333333333333;0,0713333333333333;0,0429333333333333;0,0398666666666667;0,0689333333333333;0,0644;0,0329333333333333;0,0437333333333333;0,0230666666666667;0,0613333333333333;0,0632;0,0458666666666667;0,0394666666666667;0,0429333333333333;0,0418666666666667;0,0348;0,0438666666666667;0,0748;4,39179842017231;4,99168943258895;25,4785953506596;34,7173513607251;24,0272631547701
5;0,2512;0,147866666666667;0,149733333333333;0,288666666666667;0,193066666666667;419;200;91;53;383;193;88;408;215;500;726;786;804;809;698;731;753;702;725;766;0,104833702717888;0,0472;0,0398666666666667;0,0861333333333333;0,0808;0,0537333333333333;0,0308;0,0538666666666667;0,0302666666666667;0,0466666666666667;0,0313333333333333;0,0612;0,0601333333333333;0,0314666666666667;0,0326666666666667;0,0712;0,0492;0,0653333333333333;0,048;0,0418666666666667;0,0382666666666667;0,0473333333333333;0,04;0,0862666666666667;0,0809333333333333;0,0538666666666667;0,0309333333333333;0,054;0,0304;0,0468;0,0314666666666667;0,0613333333333333;0,0602666666666667;0,0316;0,0328;0,0713333333333333;0,0493333333333333;0,0654666666666667;0,0481333333333333;0,042;0,0384;4,62442465513655;4,96267776589896;27,3484397126832;35,9651965428323;25,3939361400344
5;0,248133333333333;0,148266666666667;0,1492;0,293733333333333;0,204933333333333;463;167;68;30;409;180;93;409;210;470;792;704;744;745;788;730;725;777;762;733;0,049857892706196;0,0373333333333333;0,0549333333333333;0,0682666666666667;0,0668;0,0390666666666667;0,0328;0,0510666666666667;0,0550666666666667;0,0348;0,0449333333333333;0,0505333333333333;0,0470666666666667;0,0456;0,0676;0,0292;0,0569333333333333;0,0398666666666667;0,06;0,0682666666666667;0,0498666666666667;0,0374666666666667;0,0550666666666667;0,0684;0,0669333333333333;0,0392;0,0329333333333333;0,0512;0,0552;0,0349333333333333;0,0450666666666667;0,0506666666666667;0,0472;0,0457333333333333;0,0677333333333333;0,0293333333333333;0,0570666666666667;0,04;0,0601333333333333;0,0684;0,05;4,4818880771536;4,77731725709475;25,7305567417642;32,9251197774326;23,71044975332
5;0,258533333333333;0,1592;0,1484;0,286933333333333;0,1996;388;178;92;24;372;178;85;435;217;491;707;772;781;731;744;764;746;761;745;749;0,105272709659423;0,0596;0,0614666666666667;0,0386666666666667;0,104133333333333;0,0365333333333333;0,0406666666666667;0,0321333333333333;0,0610666666666667;0,0464;0,0414666666666667;0,0737333333333333;0,032;0,0346666666666667;0,0349333333333333;0,0782666666666667;0,0344;0,0324;0,0396;0,0473333333333333;0,0705333333333333;0,0597333333333333;0,0616;0,0388;0,104266666666667;0,0366666666666667;0,0408;0,0322666666666667;0,0612;0,0465333333333333;0,0416;0,0738666666666667;0,0321333333333333;0,0348;0,0350666666666667;0,0784;0,0345333333333333;0,0325333333333333;0,0397333333333333;0,0474666666666667;0,0706666666666667;4,96030978861647;5,11352373928931;30,9724216554001;36,0036215947383;27,07323350978
5;0,2588;0,1604;0,146533333333333;0,291733333333333;0,210266666666667;381;176;75;30;388;214;78;489;211;447;699;727;742;748;745;769;777;789;740;764;0,12640343796825;0,0472;0,0488;0,0516;0,0546666666666667;0,0618666666666667;0,0348;0,0425333333333333;0,054;0,0865333333333333;0,0952;0,0412;0,0344;0,0181333333333333;0,0345333333333333;0,0534666666666667;0,0206666666666667;0,0430666666666667;0,0549333333333333;0,0574666666666667;0,0649333333333333;0,0473333333333333;0,0489333333333333;0,0517333333333333;0,0548;0,062;0,0349333333333333;0,0426666666666667;0,0541333333333333;0,0866666666666667;0,0953333333333333;0,0413333333333333;0,0345333333333333;0,0182666666666667;0,0346666666666667;0,0536;0,0208;0,0432;0,0550666666666667;0,0576;0,0650666666666667;4,73467181012318;5,28494063474051;28,2450516511585;37,3733898392454;27,4087141776934
5;0,2476;0,156;0,1464;0,2888;0,2108;404;191;82;36;437;169;90;429;211;459;711;740;767;762;766;748;743;761;731;771;0,075909302908623;0,0366666666666667;0,0504;0,0404;0,0724;0,0448;0,0589333333333333;0,0422666666666667;0,1016;0,0389333333333333;0,0424;0,0348;0,0518666666666667;0,04;0,0574666666666667;0,0753333333333333;0,0353333333333333;0,028;0,0389333333333333;0,0577333333333333;0,0517333333333333;0,0368;0,0505333333333333;0,0405333333333333;0,0725333333333333;0,0449333333333333;0,0590666666666667;0,0424;0,101733333333333;0,0390666666666667;0,0425333333333333;0,0349333333333333;0,052;0,0401333333333333;0,0576;0,0753333333333333;0,0354666666666667;0,0281333333333333;0,0390666666666667;0,0578666666666667;0,0518666666666667;4,71643142334583;5,19261221989313;28,1069603672272;36,366076029844;26,8217857028648
5;0,2668;0,158133333333333;0,1552;0,2868;0,202;394;168;97;48;377;198;125;458;238;512;760;712;787;772;694;708;762;772;734;799;0,0900924363887011;0,0888;0,0564;0,0422666666666667;0,0566666666666667;0,0364;0,0468;0,0776;0,0550666666666667;0,0409333333333333;0,0357333333333333;0,0393333333333333;0,0305333333333333;0,0329333333333333;0,0256;0,0589333333333333;0,0664;0,0757333333333333;0,0596;0,0394666666666667;0,0348;0,0889333333333333;0,0565333333333333;0,0424;0,0568;0,0365333333333333;0,0469333333333333;0,0777333333333333;0,0552;0,0410666666666667;0,0358666666666667;0,0394666666666667;0,0306666666666667;0,0330666666666667;0,0257333333333333;0,0590666666666667;0,0665333333333333;0,0758666666666667;0,0597333333333333;0,0396;0,0349333333333333;4,41123294509017;4,53389845967849;25,3763889578809;31,3748114580385;23,4886830528771
5;0,266266666666667;0,1468;0,1516;0,289066666666667;0,2052;428;197;77;43;407;220;107;381;234;487;750;774;724;770;740;783;784;679;726;770;0,0945083745817862;0,0182666666666667;0,0277333333333333;0,0452;0,102933333333333;0,0456;0,0602666666666667;0,0574666666666667;0,0677333333333333;0,0508;0,0462666666666667;0,0542666666666667;0,0365333333333333;0,0645333333333333;0,0372;0,0214666666666667;0,0604;0,0568;0,0377333333333333;0,0468;0,062;0,0184;0,0278666666666667;0,0453333333333333;0,103066666666667;0,0457333333333333;0,0604;0,0576;0,0678666666666667;0,0509333333333333;0,0464;0,0544;0,0366666666666667;0,0646666666666667;0,0373333333333333;0,0216;0,0605333333333333;0,0569333333333333;0,0378666666666667;0,0469333333333333;0,0621333333333333;4,57582120836505;4,39491045304556;26,2336001638569;28,3847240433074;21,0891045933554
5;0,262133333333333;0,1556;0,1416;0,296266666666667;0,2004;388;240;76;44;422;171;119;413;242;471;712;779;760;757;738;742;781;722;742;767;0,0751364746718581;0,0545333333333333;0,0761333333333333;0,0317333333333333;0,0228;0,0330666666666667;0,0409333333333333;0,0490666666666667;0,0564;0,0728;0,0732;0,0338666666666667;0,0502666666666667;0,0489333333333333;0,0912;0,0533333333333333;0,044;0,0492;0,0594666666666667;0,026;0,0330666666666667;0,0546666666666667;0,0762666666666667;0,0318666666666667;0,0229333333333333;0,0332;0,0410666666666667;0,0492;0,0565333333333333;0,0729333333333333;0,0733333333333333;0,034;0,0504;0,0490666666666667;0,0913333333333333;0,0534666666666667;0,0441333333333333;0,0493333333333333;0,0596;0,0261333333333333;0,0332;4,47947557360085;4,87075720285101;26,3416987268599;33,5146370318154;26,0223961836209
5;0,2488;0,148533333333333;0,142133333333333;0,2912;0,212266666666667;407;175;95;46;386;202;107;471;249;475;735;781;757;712;733;740;738;805;731;768;0,092090984057082;0,0788;0,0356;0,0481333333333333;0,032;0,0410666666666667;0,0765333333333333;0,0302666666666667;0,0549333333333333;0,0448;0,0476;0,0692;0,0486666666666667;0,064;0,0490666666666667;0,0250666666666667;0,0624;0,0332;0,0374666666666667;0,0669333333333333;0,0542666666666667;0,0789333333333333;0,0357333333333333;0,0482666666666667;0,0321333333333333;0,0412;0,0766666666666667;0,0304;0,0550666666666667;0,0449333333333333;0,0477333333333333;0,0693333333333333;0,0488;0,0641333333333333;0,0492;0,0252;0,0625333333333333;0,0333333333333333;0,0376;0,0670666666666667;0,0544;4,30920641101385;4,87261178103833;23,1109622564226;31,9681899479;22,4534939951812
5;0,251733333333333;0,1516;0,145733333333333;0,282;0,206133333333333;396;195;72;32;476;183;90;373;231;478;752;778;743;770;798;732;728;700;746;753;0,126033419384174;0,0462666666666667;0,024;0,064;0,0477333333333333;0,0429333333333333;0,0986666666666667;0,0630666666666667;0,0624;0,0458666666666667;0,0450666666666667;0,0456;0,0192;0,0353333333333333;0,0710666666666667;0,0254666666666667;0,0258666666666667;0,0689333333333333;0,0576;0,0569333333333333;0,054;0,0464;0,0241333333333333;0,0641333333333333;0,0478666666666667;0,0430666666666667;0,0988;0,0632;0,0625333333333333;0,046;0,0452;0,0457333333333333;0,0193333333333333;0,0354666666666667;0,0712;0,0256;0,026;0,0690666666666667;0,0577333333333333;0,0570666666666667;0,0541333333333333;4,03463257236988;4,43925875936695;21,2383149902189;28,9033793557063;20,3916704222181
5;0,243333333333333;0,151333333333333;0,1524;0,2916;0,2076;404;172;93;32;387;196;101;419;228;472;755;723;765;742;735;750;798;695;775;762;0,0922660746314582;0,0253333333333333;0,0469333333333333;0,0566666666666667;0,0554666666666667;0,0585333333333333;0,0492;0,0344;0,0493333333333333;0,0566666666666667;0,0436;0,0634666666666667;0,0645333333333333;0,0658666666666667;0,0496;0,0362666666666667;0,0664;0,0324;0,0410666666666667;0,0637333333333333;0,0405333333333333;0,0254666666666667;0,0470666666666667;0,0568;0,0556;0,0586666666666667;0,0493333333333333;0,0345333333333333;0,0494666666666667;0,0568;0,0437333333333333;0,0636;0,0646666666666667;0,066;0,0497333333333333;0,0364;0,0665333333333333;0,0322666666666667;0,0412;0,0638666666666667;0,0406666666666667;4,6492523823201;4,98192219135851;26,6254619532929;34,0265778390633;24,9018032212431
5;0,256;0,148266666666667;0,150133333333333;0,284;0,200133333333333;470;171;93;35;395;198;98;379;215;461;770;786;753;757;688;807;747;712;721;759;0,122239424283156;0,0382666666666667;0,0892;0,0418666666666667;0,0396;0,0449333333333333;0,0488;0,0334666666666667;0,0393333333333333;0,0352;0,0258666666666667;0,0598666666666667;0,0668;0,0618666666666667;0,0368;0,068;0,0401333333333333;0,0332;0,0504;0,0892;0,0572;0,0384;0,0893333333333333;0,042;0,0397333333333333;0,0450666666666667;0,0489333333333333;0,0336;0,0394666666666667;0,0353333333333333;0,026;0,06;0,0669333333333333;0,062;0,0369333333333333;0,0681333333333333;0,0402666666666667;0,0333333333333333;0,0505333333333333;0,0893333333333333;0,0573333333333333;4,75253402693088;5,44217150597119;28,4487021880646;39,6852957624221;28,9705881068784
5;0,265733333333333;0,158933333333333;0,155333333333333;0,2888;0,2012;477;167;83;39;387;189;88;410;220;464;812;724;777;745;706;781;741;720;740;754;0,0705894681460533;0,0297333333333333;0,0577333333333333;0,0156;0,0556;0,0346666666666667;0,0501333333333333;0,0493333333333333;0,0422666666666667;0,0464;0,0436;0,0410666666666667;0,0614666666666667;0,0632;0,0805333333333333;0,0630666666666667;0,0624;0,0549333333333333;0,052;0,0508;0,0454666666666667;0,0298666666666667;0,0578666666666667;0,0157333333333333;0,0557333333333333;0,0348;0,0502666666666667;0,0494666666666667;0,0424;0,0465333333333333;0,0437333333333333;0,0412;0,0616;0,0633333333333333;0,0806666666666667;0,0632;0,0625333333333333;0,0550666666666667;0,0521333333333333;0,0509333333333333;0,0456;4,50502491164914;4,65005082409683;26,5742050448509;31,7551216679711;24,208898283707
5;0,2568;0,15;0,145733333333333;0,296533333333333;0,211466666666667;379;220;64;39;409;176;89;421;236;464;680;755;762;815;729;721;746;729;777;786;0,032452258425153;0,0541333333333333;0,0494666666666667;0,0504;0,0442666666666667;0,0488;0,0541333333333333;0,0374666666666667;0,0521333333333333;0,0456;0,0425333333333333;0,0662666666666667;0,0382666666666667;0,0345333333333333;0,0529333333333333;0,0514666666666667;0,0621333333333333;0,0454666666666667;0,054;0,0617333333333333;0,0542666666666667;0,0542666666666667;0,0496;0,0505333333333333;0,0444;0,0489333333333333;0,0542666666666667;0,0376;0,0522666666666667;0,0457333333333333;0,0426666666666667;0,0664;0,0384;0,0346666666666667;0,0530666666666667;0,0516;0,0622666666666667;0,0456;0,0541333333333333;0,0618666666666667;0,0544;4,46366446716277;4,91511351471465;25,3675210702093;34,0028474262089;24,4607263727979
5;0,232933333333333;0,146933333333333;0,149866666666667;0,293333333333333;0,198;403;199;94;33;389;213;92;446;210;476;750;782;772;718;719;786;744;774;722;733;0,0457340938792036;0,0354666666666667;0,0606666666666667;0,0329333333333333;0,0664;0,0238666666666667;0,0662666666666667;0,0397333333333333;0,0424;0,0438666666666667;0,0524;0,0381333333333333;0,0510666666666667;0,0774666666666667;0,0370666666666667;0,0457333333333333;0,0414666666666667;0,0693333333333333;0,0348;0,0450666666666667;0,0958666666666667;0,0356;0,0608;0,0330666666666667;0,0665333333333333;0,0238666666666667;0,0664;0,0398666666666667;0,0425333333333333;0,044;0,0525333333333333;0,0382666666666667;0,0512;0,0776;0,0372;0,0458666666666667;0,0416;0,0694666666666667;0,0349333333333333;0,0452;0,096;4,5092150351184;4,91455499888577;26,3692385338751;34,0572737240303;24,2873338154812
5;0,265333333333333;0,1604;0,146133333333333;0,289466666666667;0,199333333333333;417;189;89;55;407;191;108;425;253;469;799;727;779;737;739;740;728;765;750;736;0,0795654686450846;0,0516;0,0294666666666667;0,0458666666666667;0,0213333333333333;0,0710666666666667;0,0573333333333333;0,0513333333333333;0,0433333333333333;0,0422666666666667;0,0534666666666667;0,0550666666666667;0,0557333333333333;0,0654666666666667;0,0554666666666667;0,0268;0,0482666666666667;0,0426666666666667;0,0558666666666667;0,0706666666666667;0,0569333333333333;0,0517333333333333;0,0296;0,046;0,0214666666666667;0,0712;0,0574666666666667;0,0514666666666667;0,0434666666666667;0,0424;0,0536;0,0552;0,0558666666666667;0,0656;0,0556;0,0269333333333333;0,0484;0,0426666666666667;0,056;0,0708;0,0570666666666667;4,1264667186914;4,88519149515077;21,5503903804966;33,0078828136317;22,2717299596893
5;0,243466666666667;0,152933333333333;0,15;0,2848;0,207066666666667;409;183;77;35;385;192;77;420;253;506;739;761;733;755;722;759;773;721;768;769;0,0961974083708811;0,0765333333333333;0,0397333333333333;0,0293333333333333;0,072;0,0337333333333333;0,0588;0,0221333333333333;0,05;0,0597333333333333;0,0789333333333333;0,0765333333333333;0,0341333333333333;0,0457333333333333;0,0848;0,0394666666666667;0,0453333333333333;0,0245333333333333;0,0350666666666667;0,0478666666666667;0,0456;0,0766666666666667;0,0398666666666667;0,0294666666666667;0,0721333333333333;0,0338666666666667;0,0589333333333333;0,0222666666666667;0,0501333333333333;0,0598666666666667;0,0790666666666667;0,0766666666666667;0,0342666666666667;0,0458666666666667;0,0849333333333333;0,0396;0,0454666666666667;0,0246666666666667;0,0352;0,048;0,0457333333333333;4,61870068481528;4,74610632680324;26,9700924654869;30,2780461445274;23,5925811061675
5;0,2572;0,148933333333333;0,142533333333333;0,291466666666667;0,202;434;201;73;41;460;181;91;390;208;488;744;759;728;746;793;771;757;722;724;756;0,072401128100248;0,0797333333333333;0,0676;0,0514666666666667;0,0869333333333333;0,0501333333333333;0,05;0,0369333333333333;0,0468;0,0362666666666667;0,0428;0,0404;0,0522666666666667;0,0537333333333333;0,0682666666666667;0,0464;0,0338666666666667;0,0249333333333333;0,0370666666666667;0,0610666666666667;0,0333333333333333;0,0798666666666667;0,0677333333333333;0,0516;0,0870666666666667;0,0502666666666667;0,0501333333333333;0,0370666666666667;0,0469333333333333;0,0364;0,0429333333333333;0,0405333333333333;0,0524;0,0538666666666667;0,0684;0,0465333333333333;0,034;0,0250666666666667;0,0372;0,0612;0,0334666666666667;4,69623275370787;5,13133375272669;28,1866523518883;35,3947572011727;26,0814591877791
5;0,258933333333333;0,157733333333333;0,150133333333333;0,294933333333333;0,2112;411;190;86;29;407;224;107;426;215;463;753;753;770;722;732;746;754;747;757;766;0,0707104231806155;0,0585333333333333;0,0277333333333333;0,0366666666666667;0,0478666666666667;0,0625333333333333;0,0445333333333333;0,0668;0,0612;0,0352;0,0277333333333333;0,0286666666666667;0,0278666666666667;0,0610666666666667;0,0396;0,0466666666666667;0,0628;0,0616;0,0416;0,0742666666666667;0,0870666666666667;0,0586666666666667;0,0278666666666667;0,0368;0,048;0,0626666666666667;0,0446666666666667;0,0669333333333333;0,0613333333333333;0,0353333333333333;0,0278666666666667;0,0288;0,028;0,0612;0,0397333333333333;0,0468;0,0629333333333333;0,0617333333333333;0,0417333333333333;0,0744;0,0872;4,17031728303809;4,80523158940764;22,5462835696486;33,1378507029454;22,1109347029153
5;0,244933333333333;0,153866666666667;0,1488;0,296933333333333;0,192;403;181;118;38;416;266;113;435;247;492;718;746;736;749;753;804;762;714;761;757;0,0745142335304142;0,0685333333333333;0,0341333333333333;0,0493333333333333;0,0508;0,0524;0,0812;0,0481333333333333;0,0557333333333333;0,0536;0,0618666666666667;0,0532;0,0553333333333333;0,074;0,0668;0,0236;0,0410666666666667;0,0344;0,0184;0,0388;0,0386666666666667;0,0686666666666667;0,0342666666666667;0,0494666666666667;0,0509333333333333;0,0525333333333333;0,0813333333333333;0,0482666666666667;0,0558666666666667;0,0537333333333333;0,062;0,0533333333333333;0,0554666666666667;0,0741333333333333;0,0669333333333333;0,0237333333333333;0,0412;0,0344;0,0185333333333333;0,0389333333333333;0,0388;4,35592674808954;4,84262743871978;23,8948975328001;31,4138935384568;22,6513989156592
5;0,241733333333333;0,1532;0,1452;0,280933333333333;0,210933333333333;435;194;84;36;427;194;110;418;240;488;783;741;772;787;740;704;781;715;723;754;0,104536950612406;0,0704;0,0385333333333333;0,0462666666666667;0,0552;0,0414666666666667;0,0504;0,0425333333333333;0,0485333333333333;0,0253333333333333;0,0274666666666667;0,0356;0,0557333333333333;0,0576;0,0618666666666667;0,0248;0,0716;0,0450666666666667;0,0552;0,0514666666666667;0,0949333333333333;0,0705333333333333;0,0386666666666667;0,0464;0,0553333333333333;0,0416;0,0505333333333333;0,0426666666666667;0,0486666666666667;0,0254666666666667;0,0276;0,0357333333333333;0,0558666666666667;0,0577333333333333;0,062;0,0249333333333333;0,0717333333333333;0,0452;0,0553333333333333;0,0516;0,0950666666666667;4,05018756972244;4,77705173723262;21,5994405637902;32,4087089247209;20,5924744631952
5;0,259733333333333;0,162133333333333;0,1508;0,292933333333333;0,204133333333333;422;146;93;34;404;213;83;422;223;444;800;726;725;761;746;739;743;721;758;781;0,0858133977698875;0,0628;0,026;0,0502666666666667;0,0702666666666667;0,0552;0,0470666666666667;0,0562666666666667;0,0705333333333333;0,0336;0,0209333333333333;0,0505333333333333;0,0530666666666667;0,0648;0,0757333333333333;0,0264;0,0373333333333333;0,0386666666666667;0,0458666666666667;0,0517333333333333;0,0629333333333333;0,0629333333333333;0,026;0,0504;0,0704;0,0553333333333333;0,0472;0,0564;0,0706666666666667;0,0337333333333333;0,0210666666666667;0,0506666666666667;0,0532;0,0649333333333333;0,0758666666666667;0,0265333333333333;0,0374666666666667;0,0388;0,046;0,0518666666666667;0,0630666666666667;4,12816194058326;4,68079532347616;22,1943818018423;30,8827545192654;20,560818119599
5;0,2452;0,144666666666667;0,143066666666667;0,283333333333333;0,206;451;200;81;46;426;177;96;415;233;470;775;742;742;735;815;720;746;759;725;741;0,0757003893643697;0,0374666666666667;0,0524;0,0461333333333333;0,0672;0,0617333333333333;0,0726666666666667;0,0324;0,0372;0,0333333333333333;0,0390666666666667;0,0369333333333333;0,0386666666666667;0,0389333333333333;0,0686666666666667;0,0412;0,0704;0,034;0,0354666666666667;0,0829333333333333;0,0732;0,0376;0,0525333333333333;0,0462666666666667;0,0673333333333333;0,0618666666666667;0,0725333333333333;0,0325333333333333;0,0373333333333333;0,0334666666666667;0,0392;0,0370666666666667;0,0388;0,0390666666666667;0,0688;0,0413333333333333;0,0705333333333333;0,0341333333333333;0,0354666666666667;0,0830666666666667;0,0733333333333333;4,49860702525125;5,04013679438004;25,8387306739339;35,0113566164428;24,399095036146
5;0,2596;0,155333333333333;0,1496;0,298933333333333;0,204266666666667;429;211;77;42;423;184;85;414;217;488;757;751;746;726;744;758;728;748;752;790;0,0661796884480574;0,0802666666666667;0,0217333333333333;0,0585333333333333;0,0585333333333333;0,0706666666666667;0,0426666666666667;0,0492;0,0476;0,0468;0,0334666666666667;0,0513333333333333;0,0369333333333333;0,074;0,062;0,0272;0,0425333333333333;0,0317333333333333;0,0522666666666667;0,0697333333333333;0,0428;0,0804;0,0218666666666667;0,0586666666666667;0,0586666666666667;0,0708;0,0428;0,0493333333333333;0,0477333333333333;0,0469333333333333;0,0336;0,0514666666666667;0,0370666666666667;0,0741333333333333;0,0621333333333333;0,0273333333333333;0,0426666666666667;0,0318666666666667;0,0524;0,0698666666666667;0,0429333333333333;4,26111776698052;4,79634524327589;22,9106039431776;31,8509081158385;21,8233960165114
5;0,255466666666667;0,1496;0,140666666666667;0,286266666666667;0,206133333333333;458;199;79;40;424;190;102;436;227;458;795;746;711;731;769;741;766;755;765;721;0,0583254170198938;0,0604;0,0672;0,0537333333333333;0,0276;0,0448;0,074;0,034;0,0333333333333333;0,0262666666666667;0,0252;0,0644;0,0501333333333333;0,0708;0,0372;0,0658666666666667;0,0601333333333333;0,0418666666666667;0,0513333333333333;0,0494666666666667;0,0622666666666667;0,0605333333333333;0,0673333333333333;0,0538666666666667;0,0277333333333333;0,0449333333333333;0,0741333333333333;0,0341333333333333;0,0334666666666667;0,0264;0,0253333333333333;0,0645333333333333;0,0502666666666667;0,0709333333333333;0,0373333333333333;0,066;0,0602666666666667;0,042;0,0514666666666667;0,0496;0,0624;4,44173461360505;5,12440071201852;25,0902342150005;36,4206424399636;25,7139319163839
5;0,250933333333333;0,150533333333333;0,1472;0,297333333333333;0,205733333333333;413;242;63;34;444;166;91;419;185;444;735;776;810;752;755;727;741;752;720;732;0,144703416511519;0,0661333333333333;0,0133333333333333;0,0397333333333333;0,0468;0,0462666666666667;0,110666666666667;0,0388;0,0550666666666667;0,0541333333333333;0,0590666666666667;0,0332;0,0969333333333333;0,0521333333333333;0,0381333333333333;0,0102666666666667;0,0282666666666667;0,0438666666666667;0,0462666666666667;0,0352;0,0857333333333333;0,0662666666666667;0,0134666666666667;0,0398666666666667;0,0469333333333333;0,0464;0,1108;0,0389333333333333;0,0552;0,0542666666666667;0,0592;0,0333333333333333;0,0970666666666667;0,0522666666666667;0,0382666666666667;0,0102666666666667;0,0284;0,044;0,0464;0,0353333333333333;0,0858666666666667;3,97343711660657;4,89576344636437;20,2076115158095;32,0750969735621;19,8951758021257
5;0,261733333333333;0,159066666666667;0,156266666666667;0,297066666666667;0,193866666666667;432;190;82;34;388;176;98;385;239;454;785;747;808;744;742;740;740;713;748;733;0,0604027786140287;0,0545333333333333;0,0414666666666667;0,0516;0,0317333333333333;0,046;0,048;0,0476;0,0524;0,0604;0,0366666666666667;0,0514666666666667;0,0626666666666667;0,0556;0,0457333333333333;0,0264;0,0618666666666667;0,0534666666666667;0,0453333333333333;0,0653333333333333;0,0617333333333333;0,0546666666666667;0,0416;0,0517333333333333;0,0318666666666667;0,0461333333333333;0,0481333333333333;0,0477333333333333;0,0525333333333333;0,0605333333333333;0,0368;0,0516;0,0628;0,0557333333333333;0,0458666666666667;0,0265333333333333;0,062;0,0536;0,0454666666666667;0,0654666666666667;0,0618666666666667;4,24873989986687;4,90222951721509;22,9888978342405;33,3500083806409;22,9104427045269
5;0,249466666666667;0,153066666666667;0,147466666666667;0,295066666666667;0,197066666666667;415;169;79;29;412;210;106;407;263;432;743;723;779;752;739;733;768;738;812;713;0,0483398866446869;0,0584;0,0381333333333333;0,0334666666666667;0,0616;0,0488;0,0266666666666667;0,042;0,0696;0,0396;0,0684;0,0518666666666667;0,0656;0,0602666666666667;0,0537333333333333;0,0457333333333333;0,064;0,0462666666666667;0,0414666666666667;0,0333333333333333;0,0510666666666667;0,0585333333333333;0,0382666666666667;0,0336;0,0617333333333333;0,0489333333333333;0,0268;0,0421333333333333;0,0697333333333333;0,0396;0,0685333333333333;0,052;0,0657333333333333;0,0604;0,0538666666666667;0,0458666666666667;0,0641333333333333;0,0464;0,0416;0,0334666666666667;0,0512;4,48346351969477;4,82835462739903;25,5308770685889;32,6857250619264;23,4242428023515
5;0,253733333333333;0,151066666666667;0,142933333333333;0,289866666666667;0,203866666666667;430;213;81;43;382;207;97;401;241;498;745;751;773;768;753;741;754;708;755;752;0,074883713160079;0,0444;0,0410666666666667;0,0421333333333333;0,064;0,0493333333333333;0,0408;0,0441333333333333;0,0481333333333333;0,0421333333333333;0,0461333333333333;0,0718666666666667;0,0781333333333333;0,0496;0,0333333333333333;0,0666666666666667;0,0352;0,0417333333333333;0,0445333333333333;0,0486666666666667;0,068;0,0445333333333333;0,0412;0,0422666666666667;0,0641333333333333;0,0494666666666667;0,0409333333333333;0,0442666666666667;0,0482666666666667;0,0422666666666667;0,0462666666666667;0,072;0,0782666666666667;0,0497333333333333;0,0334666666666667;0,0668;0,0353333333333333;0,0418666666666667;0,0446666666666667;0,0488;0,0681333333333333;4,55947623674817;5,13406264060199;26,444835818129;36,2387987696557;25,1733638616036
5;0,255733333333333;0,150666666666667;0,154666666666667;0,286266666666667;0,1908;401;191;99;38;392;218;84;407;213;496;739;751;740;751;724;763;753;732;746;801;0,0653362398205608;0,0449333333333333;0,0504;0,0432;0,0657333333333333;0,0393333333333333;0,0374666666666667;0,064;0,0682666666666667;0,0350666666666667;0,0534666666666667;0,0752;0,0381333333333333;0,0410666666666667;0,0341333333333333;0,0385333333333333;0,0574666666666667;0,0466666666666667;0,0629333333333333;0,0666666666666667;0,0373333333333333;0,0450666666666667;0,0505333333333333;0,0433333333333333;0,0658666666666667;0,0394666666666667;0,0376;0,064;0,0684;0,0352;0,0536;0,0753333333333333;0,0382666666666667;0,0412;0,0342666666666667;0,0386666666666667;0,0576;0,0468;0,0630666666666667;0,0668;0,0374666666666667;4,60371114075037;4,57648331142041;26,6218133482214;30,7709376598531;23,6504574811063
5;0,257866666666667;0,153333333333333;0,148;0,294533333333333;0,216133333333333;423;218;97;53;410;186;109;435;229;462;733;765;798;733;723;760;756;762;736;734;0,0591436585179588;0,0450666666666667;0,0352;0,0465333333333333;0,0902666666666667;0,0644;0,0570666666666667;0,0376;0,0537333333333333;0,0246666666666667;0,0354666666666667;0,0626666666666667;0,0449333333333333;0,0626666666666667;0,0437333333333333;0,0521333333333333;0,0606666666666667;0,0316;0,0485333333333333;0,0557333333333333;0,0473333333333333;0,0452;0,0353333333333333;0,0466666666666667;0,0904;0,0645333333333333;0,0572;0,0377333333333333;0,0538666666666667;0,0248;0,0356;0,0628;0,0450666666666667;0,0628;0,0438666666666667;0,0522666666666667;0,0608;0,0317333333333333;0,0486666666666667;0,0558666666666667;0,0474666666666667;4,63954446344973;4,78743476006141;26,9484029091268;32,4770582100069;23,5411299487161
5;0,267866666666667;0,1548;0,1476;0,2836;0,209733333333333;416;169;83;47;382;200;109;418;210;498;761;716;745;757;731;780;754;769;740;747;0,0591234912098413;0,0357333333333333;0,0390666666666667;0,0478666666666667;0,0534666666666667;0,0417333333333333;0,0298666666666667;0,0577333333333333;0,0581333333333333;0,0570666666666667;0,0513333333333333;0,06;0,0734666666666667;0,0357333333333333;0,0546666666666667;0,0406666666666667;0,0724;0,0456;0,0558666666666667;0,0366666666666667;0,0529333333333333;0,0358666666666667;0,0392;0,048;0,0536;0,0418666666666667;0,03;0,0578666666666667;0,0582666666666667;0,0572;0,0514666666666667;0,0601333333333333;0,0736;0,0358666666666667;0,0548;0,0408;0,0725333333333333;0,0457333333333333;0,056;0,0368;0,0530666666666667;4,39940118650997;4,71483523023117;24,7940048340081;32,242859436206;22,8729903563049
5;0,264933333333333;0,163733333333333;0,145866666666667;0,285066666666667;0,198266666666667;417;199;71;42;450;189;107;461;254;476;740;767;729;747;765;725;759;780;731;757;0,0709045520591059;0,0584;0,0642666666666667;0,0573333333333333;0,0305333333333333;0,0681333333333333;0,0474666666666667;0,0568;0,0564;0,0354666666666667;0,0512;0,0436;0,0452;0,0224;0,0742666666666667;0,0532;0,0450666666666667;0,0558666666666667;0,0614666666666667;0,0472;0,0257333333333333;0,0585333333333333;0,0644;0,0574666666666667;0,0306666666666667;0,0682666666666667;0,0476;0,0569333333333333;0,0565333333333333;0,0356;0,0513333333333333;0,0437333333333333;0,0453333333333333;0,0225333333333333;0,0744;0,0533333333333333;0,0452;0,056;0,0616;0,0473333333333333;0,0258666666666667;4,31740565412259;4,93932019429957;24,3898345756316;34,945307227557;25,0711495764945
5;0,2632;0,1452;0,153733333333333;0,292933333333333;0,200933333333333;467;193;80;39;415;172;96;437;225;512;768;748;710;775;730;762;736;772;710;789;0,0862629675740012;0,0673333333333333;0,0302666666666667;0,0749333333333333;0,0290666666666667;0,0593333333333333;0,0584;0,0485333333333333;0,0341333333333333;0,0444;0,042;0,0648;0,0350666666666667;0,0288;0,0564;0,0234666666666667;0,0493333333333333;0,0578666666666667;0,0604;0,0644;0,0710666666666667;0,0674666666666667;0,0304;0,0750666666666667;0,0292;0,0594666666666667;0,0585333333333333;0,0486666666666667;0,0342666666666667;0,0445333333333333;0,0421333333333333;0,0649333333333333;0,0352;0,0289333333333333;0,0565333333333333;0,0236;0,0494666666666667;0,058;0,0605333333333333;0,0645333333333333;0,0712;4,03708036635638;4,81013424636815;21,0040035997495;32,9184693194482;21,4150406996731
5;0,261866666666667;0,155733333333333;0,152;0,306266666666667;0,207466666666667;391;169;80;20;400;197;81;435;223;521;757;764;739;771;738;695;743;752;759;782;0,0583976716074345;0,0664;0,0534666666666667;0,068;0,0448;0,0686666666666667;0,07;0,0388;0,0322666666666667;0,0297333333333333;0,0329333333333333;0,0505333333333333;0,0316;0,064;0,0496;0,0573333333333333;0,0482666666666667;0,0456;0,0565333333333333;0,0553333333333333;0,0361333333333333;0,0665333333333333;0,0536;0,0681333333333333;0,0449333333333333;0,0688;0,0701333333333333;0,0389333333333333;0,0324;0,0298666666666667;0,0330666666666667;0,0506666666666667;0,0317333333333333;0,0641333333333333;0,0497333333333333;0,0574666666666667;0,0484;0,0457333333333333;0,0566666666666667;0,0554666666666667;0,0362666666666667;4,43083849950718;5,01069822621684;24,9452254288863;35,3158640208648;25,0388199126737
5;0,258266666666667;0,147866666666667;0,147733333333333;0,287866666666667;0,204533333333333;420;177;87;50;398;195;127;397;226;468;746;737;754;756;757;776;767;740;721;746;0,0694887826520378;0,0844;0,0514666666666667;0,0506666666666667;0,0418666666666667;0,0573333333333333;0,0866666666666667;0,0308;0,046;0,0345333333333333;0,0477333333333333;0,0488;0,0264;0,0389333333333333;0,048;0,0332;0,0877333333333333;0,0352;0,0509333333333333;0,0357333333333333;0,0636;0,0845333333333333;0,0516;0,0508;0,042;0,0574666666666667;0,0868;0,0309333333333333;0,0461333333333333;0,0345333333333333;0,0478666666666667;0,0489333333333333;0,0265333333333333;0,0390666666666667;0,0481333333333333;0,0333333333333333;0,0878666666666667;0,0353333333333333;0,0510666666666667;0,0358666666666667;0,0637333333333333;4,31517056081157;4,84282753498996;23,7360735458615;32,7095244990902;22,7270119477717
5;0,256666666666667;0,160266666666667;0,1592;0,304;0,204266666666667;383;187;71;39;413;208;122;428;257;468;743;766;786;700;720;779;771;751;748;736;0,0998960227478098;0,0517333333333333;0,046;0,0528;0,0814666666666667;0,0552;0,0458666666666667;0,0413333333333333;0,0542666666666667;0,0470666666666667;0,028;0,0468;0,0718666666666667;0,0568;0,0353333333333333;0,0488;0,0516;0,0266666666666667;0,0221333333333333;0,0829333333333333;0,0533333333333333;0,0518666666666667;0,0461333333333333;0,0529333333333333;0,0816;0,0553333333333333;0,046;0,0414666666666667;0,0544;0,0472;0,0281333333333333;0,0469333333333333;0,072;0,0569333333333333;0,0354666666666667;0,0488;0,0517333333333333;0,0268;0,0222666666666667;0,0830666666666667;0,0534666666666667;4,69019460746843;5,25427213537624;27,2902430905381;36,6743604024485;25,7507537754836
